Year,Country_Name,Country_Code,Agricultural.land....of.land.area.,Agricultural.machinery..tractors,Arable.land....of.land.area.,Fertilizer.consumption..kilograms.per.hectare.of.arable.land.,CO2.emissions..kt.,Inflation..consumer.prices..annual...,GDP.growth..annual...
1960,India,IND,59.49154882,31016,52.3432784,2.16212674,263575.4,1.77987785,3.72274253
1961,India,IND,58.84319536,31016,52.4036473,2.17128994,277224,1.69521294,3.72274253
1962,India,IND,59.35779415,35000,52.7043344,2.88576899,290872.6,3.63221497,2.93112774
1963,India,IND,59.24747493,40000,52.9633155,3.45399124,304521.2,2.94616136,5.99435326
1964,India,IND,59.43515214,44000,53.0514363,4.90198565,318169.8,13.3552612,7.45295012
1965,India,IND,59.59154982,48000,53.2142245,4.95904333,331818.4,9.47475859,-2.6357701
1966,India,IND,59.71027751,54012,53.3400153,6.93990794,345467,10.8018484,-0.0553288
1967,India,IND,59.80344344,66000,53.7402588,9.63199399,359115.6,13.0622025,7.82596303
1968,India,IND,59.99078431,78000,53.8374608,10.9996314,372764.2,3.23741243,3.38792918
1969,India,IND,59.79839835,90000,53.8061812,12.3893584,386412.8,-0.5841366,6.5397003
1970,India,IND,59.88584652,1e+05,54.0026033,14.054559,400061.4,5.09226162,5.15722974
1971,India,IND,59.80680683,143000,53.7321866,16.6303613,413710,3.07993868,1.64293038
1972,India,IND,59.85019457,170000,53.8768125,17.2792878,359115.6,6.44209746,-0.5533013
1973,India,IND,60.12094753,184293,54.1653914,17.6256178,372764.2,16.940816,3.29552114
1974,India,IND,60.29954359,203351,54.3190983,15.9336475,386412.8,28.5987341,1.18533626
1975,India,IND,60.43811529,227668,54.4324446,21.5882549,468304.4,5.7484303,9.14991202
1976,India,IND,60.42298003,250884,54.5061029,21.0839396,481953,-7.6339476,1.66310364
1977,India,IND,60.40347236,294313,54.5067756,26.5076299,454655.8,8.30747009,7.25476459
1978,India,IND,60.74014779,334138,54.9036557,31.4324396,464582.0545,2.52304876,5.71253209
1979,India,IND,60.73611172,378714,54.9726052,32.2612026,474508.3091,6.27568337,-5.2381827
1980,India,IND,60.63251928,382869,54.7741651,33.9727609,484434.5636,11.3460735,6.73582153
1981,India,IND,60.67590702,417769,54.7936728,37.3489982,494360.8182,13.1125469,6.00620363
1982,India,IND,60.80035248,461567,54.90601,35.9304363,504287.0727,7.89074279,3.47573324
1983,India,IND,60.69642371,502581,54.7331318,40.7756311,514213.3273,11.8680813,7.2888929
1984,India,IND,61.0293994,553555,55.0311282,48.8907089,524139.5818,8.31890712,3.82073786
1985,India,IND,60.99172942,607773,55.0048937,52.9864253,534065.8364,5.55642423,5.25429922
1986,India,IND,60.94195124,648932,54.9608333,58.8559994,543992.0909,8.72972073,4.77656417
1987,India,IND,61.06000626,697568,54.8922201,51.1179192,553918.3455,8.80112581,3.96535564
1988,India,IND,60.90798099,750935,54.7788739,66.0964708,563844.6,9.38347186,9.62778292
1989,India,IND,61.04588001,925365,54.983368,69.210771,573770.8545,7.07428003,5.94734333
1990,India,IND,61.01628218,988070,54.9776503,73.5230241,563575.4,8.9712325,5.53345456
1991,India,IND,61.07446884,1063012,54.8844843,77.9993198,607224,13.8702462,1.05683143
1992,India,IND,60.97995755,1136160,54.7243869,74.7016644,626293.3,11.787817,5.48239602
1993,India,IND,61.00585566,1195013,54.6840263,76.1767372,651351.1,6.32689049,4.75077622
1994,India,IND,60.97524881,1257630,54.6635096,83.4558929,685903,10.2479356,6.65892407
1995,India,IND,60.85887548,1354864,54.4569974,85.7028553,737856.4,10.2248862,7.57449184
1996,India,IND,60.73913877,1502000,54.1590009,89.0423288,774070.2,8.97715234,7.54952225
1997,India,IND,60.87098369,1650000,54.3527323,100.172561,819268.8,7.16425212,4.04982085
1998,India,IND,60.83499541,1797000,54.2881552,104.067952,836269.9,13.230839,6.18441582
1999,India,IND,60.88443725,1944000,54.142184,112.17102,901325.2,4.66982038,8.84575556
2000,India,IND,60.86896566,2091000,54.1270487,103.786118,937858.4,4.00943591,3.84099116
2001,India,IND,60.70483218,2238000,53.9235636,108.182199,953537.3,3.77929312,4.82396626
2002,India,IND,60.72938494,2385000,53.9595519,100.329055,985453.3,4.29715204,3.80397532
2003,India,IND,60.62478348,2532900,53.7466492,105.177204,1011770.9,3.805859,7.86038148
2004,India,IND,60.66716221,2680800,53.7069612,115.27151,1085666.9,3.76725174,7.92293661
2005,India,IND,60.58341377,2828700,53.6272489,127.614592,1136466.4,4.24634362,7.92343062
2006,India,IND,60.50941918,2976600,53.3642317,136.403922,1215205.2,5.79652338,8.06073257
2007,India,IND,60.4132262,3124500,53.1489747,142.835226,1336737.1,6.37288136,7.66081507
2008,India,IND,60.45930465,3272400,53.1398935,153.349391,1424383,8.34926705,3.08669806
2009,India,IND,60.56390611,3420300,53.1160134,167.457296,1564881.1,10.8823529,7.86188883
2010,India,IND,60.39741826,3568200,52.8082632,179.035877,1659983,11.9893899,8.4975847
2011,India,IND,60.43004315,3716100,52.798173,180.748291,1756744,8.91179337,5.241315
2012,India,IND,60.42062566,3864000,52.6525382,163.122022,1909442,9.47899691,5.45638875
2013,India,IND,60.43946065,4011900,52.6175589,156.495698,1972429.4,10.0178785,6.3861064
2014,India,IND,60.44955082,4159800,52.624622,163.498079,2147107,6.66565672,7.41022761
2015,India,IND,60.43172485,4307700,52.6078051,171.038213,2158023.2,4.90697344,7.99625379
2016,India,IND,60.39909996,4455600,52.5755165,166.003058,2195248.5,4.94821634,8.2563055
2017,India,IND,60.2839388,4603500,52.4336272,170.569145,2308804.4,3.32817338,6.79538342
2018,India,IND,60.24356466,4751400,52.2932981,176.071313,2458175.9,3.93882647,6.45385135
2019,India,IND,60.21981337,4899300,52.2566928,186.456666,2423951.4,3.72950574,3.87143694
2020,India,IND,60.04586286,5047200,51.9468813,210.65738,2200836.3,6.62343678,-5.8310532
2021,India,IND,60.04592643,5195100,51.9468813,193.245041,2200836.3,5.13140747,9.05027791
1960,Bangladesh,BGD,66.43688347,690,59.02637145,1.92989993,9568.4,1.77987785,2.93112774
1961,Bangladesh,BGD,72.8278405,750,66.1058616,2.61475886,9643.45,1.69521294,6.05816083
1962,Bangladesh,BGD,72.8047937,800,66.0444035,3.14063045,9718.5,3.63221497,5.45303097
1963,Bangladesh,BGD,72.8278405,850,66.1058616,5.69436374,9793.55,2.94616136,-0.4558943
1964,Bangladesh,BGD,73.135131,900,66.3747407,5.20833333,9868.6,3.87232992,10.9527886
1965,Bangladesh,BGD,74.0339556,950,67.4272106,6.17523072,9943.65,2.69521294,1.60625823
1966,Bangladesh,BGD,74.133825,1000,67.5885381,8.61559445,10018.7,3.63221497,2.566812
1967,Bangladesh,BGD,74.4795268,1100,67.9342398,10.8560443,10093.75,2.94616136,-1.8758639
1968,Bangladesh,BGD,74.279788,1300,67.8266882,12.2324159,10168.8,1.87232992,9.48945402
1969,Bangladesh,BGD,74.3258815,1500,67.6807252,14.7219069,10243.85,0.735841366,1.22085791
1970,Bangladesh,BGD,74.4948913,2072,67.8881463,16.2045943,10318.9,1.057017033,5.61985229
1971,Bangladesh,BGD,74.4795268,2270,67.8881463,12.9229377,10393.95,0.177074508,-5.479483
1972,Bangladesh,BGD,76.7534762,2470,70.1620957,19.9393409,10469,1.44209746,-13.973729
1973,Bangladesh,BGD,76.7381117,2660,70.1467312,19.9335232,10544.05,1.940816,3.3256802
1974,Bangladesh,BGD,76.7381117,2860,70.1467312,14.1398533,10619.1,2.5987341,9.5919563
1975,Bangladesh,BGD,76.8533456,3050,70.2466006,23.5574147,10694.15,1.7484303,-4.0882141
1976,Bangladesh,BGD,76.8072521,3250,70.200507,26.630882,10769.2,2.6339476,5.6613612
1977,Bangladesh,BGD,76.7534762,3454,70.1467312,37.3375315,10844.25,2.30747009,2.67305605
1978,Bangladesh,BGD,76.7227472,3500,70.1006376,39.0367123,10919.3,2.52304876,7.07383773
1979,Bangladesh,BGD,76.6920181,3500,70.0468618,44.6759158,10994.35,6.27568337,4.8016346
1980,Bangladesh,BGD,76.7227472,3500,70.0699086,45.6844644,11069.4,11.3460735,0.81914187
1981,Bangladesh,BGD,76.6766536,3350,69.9777214,43.9156878,11144.45,13.1125469,7.2339437
1982,Bangladesh,BGD,76.6536068,3200,69.9393101,50.6677285,11219.5,7.89074279,2.13432784
1983,Bangladesh,BGD,76.5460552,3075,69.8240762,59.7896358,11294.55,11.8680813,3.8810464
1984,Bangladesh,BGD,77.2835523,2950,70.5615733,63.3370713,11369.6,8.31890712,4.80331002
1985,Bangladesh,BGD,77.0300376,2800,70.3080587,59.0780157,11444.65,5.55642423,3.34201465
1986,Bangladesh,BGD,77.1375893,2700,70.3771991,67.3022596,11519.7,8.72972073,4.17338256
1987,Bangladesh,BGD,77.7060767,2580,70.9456864,76.4252301,11594.75,9.87469609,3.77240185
1988,Bangladesh,BGD,80.1029423,2450,73.2657294,81.4163783,11669.8,7.41276596,2.41625686
1989,Bangladesh,BGD,80.2258585,2300,73.3886456,94.9393908,11744.85,6.04547976,2.83658213
1990,Bangladesh,BGD,79.7879696,2180,72.6434662,98.733291,11523.73,6.12671847,5.62225816
1991,Bangladesh,BGD,79.2809403,2050,72.0980257,107.021843,10830.76,6.35736412,3.48522782
1992,Bangladesh,BGD,73.3579166,1925,66.1365906,116.013707,11823.48,3.63407692,5.44268555
1993,Bangladesh,BGD,72.5666436,1800,65.3453177,111.166588,12568.4,3.0148186,4.71156173
1994,Bangladesh,BGD,71.8906046,1675,64.592456,124.80578,13543.45,5.31374008,3.89012644
1995,Bangladesh,BGD,72.0135208,1550,64.561727,142.194193,16554.48,10.2978118,5.1212779
1996,Bangladesh,BGD,71.6524545,1400,64.2006607,147.244825,16825.3,2.37712903,4.52291922
1997,Bangladesh,BGD,71.9443804,1300,64.4541753,132.205006,18970.9,5.30560106,4.4898965
1998,Bangladesh,BGD,72.4744565,1200,64.9458401,138.455169,19249.5,8.40223796,5.17702687
1999,Bangladesh,BGD,72.8739341,1080,64.8075594,161.889521,20105.5,6.1066959,4.67015637
2000,Bangladesh,BGD,72.2132596,1000,64.1468848,158.107545,20686.7,2.20825621,5.29329472
2001,Bangladesh,BGD,72.2363064,900,63.7858185,174.590269,25634.5,2.00717374,5.07728778
2002,Bangladesh,BGD,71.8521933,800,63.4017055,188.639162,27284.2,3.33256493,3.83312394
2003,Bangladesh,BGD,71.6601367,700,63.2096489,160.266894,28629.8,5.66870773,4.7395674
2004,Bangladesh,BGD,71.6217254,450,62.5566567,170.671374,30527.5,7.58753639,5.23953291
2005,Bangladesh,BGD,71.5295383,1555,60.774372,197.748704,32710.8,7.04661816,6.53594494
2006,Bangladesh,BGD,71.2913882,3000,60.5362219,193.190102,35902.8,6.76526117,6.67190498
2007,Bangladesh,BGD,71.1838365,4179,60.0445571,184.41108,37992.3,9.10698497,7.05859936
2008,Bangladesh,BGD,71.0839671,4615,59.9446877,200.064078,41580.8,8.9019449,6.01378976
2009,Bangladesh,BGD,71.0301913,5081,59.8909119,188.852873,44750,5.42347236,5.04512479
2010,Bangladesh,BGD,70.99178,5535,59.8525006,212.963933,50487.6,8.12667639,5.57178819
2011,Bangladesh,BGD,70.1236844,6773,58.984405,255.764522,54309.9,11.3951652,6.46437912
2012,Bangladesh,BGD,70.0852731,6482,58.9229469,260.443286,58985.2,6.21750422,6.52145878
2013,Bangladesh,BGD,71.2760237,6968,58.984405,254.600156,62965.7,7.53040641,6.01360566
2014,Bangladesh,BGD,71.5986787,7505,58.9152647,279.220237,66313.1,6.99163889,6.06105936
2015,Bangladesh,BGD,72.4763002,9255,59.4010909,298.966406,73156.9,6.19428023,6.55263988
2016,Bangladesh,BGD,73.1136975,9870,59.6466928,289.40227,81128.9,5.51352573,7.11347821
2017,Bangladesh,BGD,73.4526389,10612,59.5938388,303.712747,87658,5.70207016,6.59025
2018,Bangladesh,BGD,73.9594377,11360,59.7088423,318.466863,95944.6,5.5436214,7.31941263
2019,Bangladesh,BGD,75.8392871,11913,61.2045786,316.021087,92645,5.5919964,7.88190673
2020,Bangladesh,BGD,76.2694937,12530,61.4580933,320.9125,85493.1,5.69107475,3.44802563
2021,Bangladesh,BGD,77.3450104,13564,62.3031421,384.209618,79939.74781,5.54565431,6.93867912
1960,Bhutan,BTN,7.53569892,8,2.22170782,0.713085065,91.78,8.80112581,5.99435326
1961,Bhutan,BTN,7.72638743,8,2.14027353,0.696296299,91.85,9.38347186,7.45295012
1962,Bhutan,BTN,7.7691929,9,2.14027353,0.679507533,92.48,7.07428003,-2.6357701
1963,Bhutan,BTN,7.7691929,10,2.14027353,0.662718767,92.12,8.9712325,-0.0553288
1964,Bhutan,BTN,7.81199837,11,2.14027353,0.645930001,93.667,13.8702462,7.82596303
1965,Bhutan,BTN,7.83340111,11,2.14027353,0.629141235,95.214,11.787817,3.38792918
1966,Bhutan,BTN,7.87620658,12,2.14027353,0.612352469,96.761,6.32689049,6.5397003
1967,Bhutan,BTN,7.87620658,12,2.14027353,0.595563703,98.308,10.2479356,5.15722974
1968,Bhutan,BTN,7.91901205,11,2.14027353,0.578774937,99.855,10.2248862,1.64293038
1969,Bhutan,BTN,7.91901205,11,2.14027353,0.696296299,101.402,8.97715234,-0.5533013
1970,Bhutan,BTN,8.17584487,11,2.35430088,0.679507533,102.949,7.16425212,3.29552114
1971,Bhutan,BTN,8.17584487,10,2.35430088,0.662718767,104.496,13.230839,1.18533626
1972,Bhutan,BTN,8.24005308,10,2.35430088,0.645930001,106.043,4.66982038,9.14991202
1973,Bhutan,BTN,8.24005308,10,2.35430088,0.629141235,107.59,4.00943591,1.66310364
1974,Bhutan,BTN,8.38987223,10,2.46131456,0.72173913,109.137,3.77929312,7.25476459
1975,Bhutan,BTN,8.38987223,11,2.46131456,0.86956522,120.684,4.29715204,5.71253209
1976,Bhutan,BTN,8.51828864,11,2.56832823,0.83333333,122.231,3.805859,-5.2381827
1977,Bhutan,BTN,8.56109411,12,2.56832823,0.83333333,123.778,3.76725174,6.73582153
1978,Bhutan,BTN,8.56109411,10,2.56832823,0.83333333,125.325,4.24634362,6.00620363
1979,Bhutan,BTN,8.66810778,10,2.67534191,0.8,132.872,5.79652338,3.47573324
1980,Bhutan,BTN,8.83932967,11,2.78235559,0.76923077,136.419,6.37288136,7.2888929
1981,Bhutan,BTN,8.83932967,10,2.78235559,0.76923077,140.966,9.97237569,15.1222948
1982,Bhutan,BTN,8.94634334,11,2.88936926,0.74074074,145.513,9.84677217,3.43977385
1983,Bhutan,BTN,9.20317617,10,3.10339661,1.71724138,150.06,18.0577788,10.4310159
1984,Bhutan,BTN,9.50281446,10,3.10339661,1.31034483,154.607,7.03770661,4.55665899
1985,Bhutan,BTN,9.50281446,15,3.10339661,0.68965517,159.154,1.88201231,4.028533
1986,Bhutan,BTN,9.50281446,20,3.10339661,0.68965517,163.701,9.96447602,11.3921976
1987,Bhutan,BTN,9.9522719,30,3.12479935,0.68493151,168.248,6.33177193,29.0543239
1988,Bhutan,BTN,9.84525822,30,3.01778567,0.70921986,172.795,10.0967138,4.76737302
1989,Bhutan,BTN,9.67403634,40,2.84656379,0.7518797,177.342,8.77983719,7.35556732
1990,Bhutan,BTN,9.71684181,50,2.88936926,0.74074074,185.39,10.0118383,10.3831179
1991,Bhutan,BTN,10.7869786,60,2.88936926,0.74074074,182.8,12.2751729,-0.4078757
1992,Bhutan,BTN,10.7869786,70,2.88936926,0.74074074,205.11,15.9752174,4.60089143
1993,Bhutan,BTN,10.8083813,80,2.910772,0.73529412,177.05,11.1980166,1.98636659
1994,Bhutan,BTN,12.7889447,90,3.51758794,0.71428571,205.9,7.00995355,4.95150367
1995,Bhutan,BTN,14.1959799,100,3.66834171,0.68493151,246.03,9.48754837,7.07411728
1996,Bhutan,BTN,14.321608,106,3.79396985,0.66225166,296.56,8.79001382,5.56517286
1997,Bhutan,BTN,14.3718593,110,3.84422111,0.65359477,381.17,6.50548718,5.37383852
1998,Bhutan,BTN,14.3718593,112,3.84422111,1.911337354,377.42,10.58559,5.91403084
1999,Bhutan,BTN,14.3718593,115,3.84422111,3.169079938,378.53,6.77699394,7.98397202
2000,Bhutan,BTN,14.5226131,117,3.86934673,4.426822522,388.84,4.01212081,3.35506829
2001,Bhutan,BTN,14.5477387,117,3.89447236,5.684565106,379.31,3.41478946,8.34895448
2002,Bhutan,BTN,14.5728643,117,3.91959799,6.94230769,411.52,2.45535714,10.9922818
2003,Bhutan,BTN,14.6482412,120,3.94472362,6.99363057,377.73,2.57230862,7.82330236
2004,Bhutan,BTN,15.3212477,123,4.14513209,7.39873418,313.51,4.10593698,6.00874224
2005,Bhutan,BTN,15.5573629,126,4.38124721,7.55688623,395.42,5.31263105,7.28724935
2006,Bhutan,BTN,15.1376026,180,3.96935751,7.62062128,397.5,5.00045438,6.9997381
2007,Bhutan,BTN,14.7703125,150,3.57583231,9.00953778,398.71,5.15611139,18.3608541
2008,Bhutan,BTN,13.6763124,200,2.62350133,11.66,422.62,8.32716049,4.79946061
2009,Bhutan,BTN,13.6422069,180,2.62350133,23.96,396.83,4.36112219,6.74833375
2010,Bhutan,BTN,13.6422069,300,2.63924233,10.0397614,493.18,7.03638316,11.945896
2011,Bhutan,BTN,13.6317129,500,2.62874833,13.0538922,744.2,8.8489857,7.98261704
2012,Bhutan,BTN,13.6317129,750,2.62874833,10.688024,833.9,10.9196569,5.11840086
2013,Bhutan,BTN,13.6317129,800,2.62874833,12.1550898,908,7.00666667,2.11997263
2014,Bhutan,BTN,13.789123,850,2.62874833,14.2006986,1012.4,8.27106094,5.77649568
2015,Bhutan,BTN,13.789123,900,2.62874833,14.7605788,1042.1,4.54814395,6.64223211
2016,Bhutan,BTN,13.6063339,950,2.6216443,14.0691,1228.4,3.21988689,8.12703354
2017,Bhutan,BTN,13.4490352,1000,2.47745386,13.2728042,1309.5,4.95508367,4.65183468
2018,Bhutan,BTN,13.4504457,1100,2.46460409,21.2839362,1454.3,2.72396386,3.05512984
2019,Bhutan,BTN,13.4504457,1300,2.46460409,14.3121277,1433,2.72643037,5.75516999
2020,Bhutan,BTN,13.4504457,1500,2.46460409,14.3121277,1035.2,5.62936523,-10.009699
2021,Bhutan,BTN,13.4504457,2072,2.46460409,14.3121277,1249.31,7.34681441,4.08761888
1960,Nepal,NPL,19.1482998,110,7.546987345,0.197315235,890.8,4.34926705,3.82073786
1961,Nepal,NPL,24.8461539,180,12.6293706,0.08250277,901.5,3.8823529,1.90826597
1962,Nepal,NPL,24.8461539,190,12.6293706,0.23864895,900.7,11.9893899,1.91032003
1963,Nepal,NPL,24.9160839,200,12.6993007,0.34746696,911.1,8.91179337,1.89511165
1964,Nepal,NPL,24.8461539,215,12.6293706,0.56589147,910.05,9.47899691,7.53244855
1965,Nepal,NPL,24.8461539,225,12.6293706,0.61406423,912.06,8.47186933,-1.203189
1966,Nepal,NPL,24.8461539,320,12.6293706,1.88261351,918.07,14.3889707,7.04064315
1967,Nepal,NPL,24.9440559,420,12.7202797,1.45684442,914.08,-2.8083314,-1.5714975
1968,Nepal,NPL,24.9440559,510,12.7202797,1.68719076,918.09,1.17986997,0.67548346
1969,Nepal,NPL,24.9440559,610,12.7202797,2.47663551,919.9,4.05759162,4.4634216
1970,Nepal,NPL,25.8881119,794,13.6573427,2.74398362,921.71,15.2372785,2.57599213
1971,Nepal,NPL,25.8881119,800,13.6573427,4.07987711,923.52,-1.9995038,-1.1953833
1972,Nepal,NPL,26.7272727,900,14.3706294,5.16593674,925.33,8.3890239,3.11780036
1973,Nepal,NPL,27.6433566,1070,15.1398601,5.71501155,928.07,11.4297725,-0.4765363
1974,Nepal,NPL,27.9300699,1240,15.2447552,5.82385321,924.08,19.806338,6.33359037
1975,Nepal,NPL,28.034965,1925,15.3496504,5.58542141,928.09,7.58598521,1.45647071
1976,Nepal,NPL,28.1468532,1580,15.4545455,6.73167421,929.9,-3.1132357,4.39853618
1977,Nepal,NPL,28.2517483,1740,15.5594406,7.85033708,933.1766667,9.89885284,3.01697344
1978,Nepal,NPL,28.3566434,1910,15.6643357,8.278125,923.52,7.34609125,4.40574139
1979,Nepal,NPL,28.4615385,2080,15.7692308,9.29223947,930,3.56545379,2.3688778
1980,Nepal,NPL,28.5664336,2514,15.8741259,9.8938326,931.1,14.6845028,-2.3193942
1981,Nepal,NPL,28.6923077,2420,16,10.4125874,932.2,11.1448567,8.34197414
1982,Nepal,NPL,28.7174825,2591,16.0251748,13.6494153,933.3,11.6985466,3.77937465
1983,Nepal,NPL,28.7426573,2690,16.0503497,16.2513071,934.4,12.3772381,-2.9774059
1984,Nepal,NPL,28.7678322,2770,16.0755245,18.9137811,935.5,2.84578496,9.68113002
1985,Nepal,NPL,28.786014,2783,16.1006993,18.8538047,936.6,8.05264127,6.14490524
1986,Nepal,NPL,28.8951049,3200,16.1258741,19.5364267,937.7,18.9989496,4.56565055
1987,Nepal,NPL,28.9132867,3600,16.151049,23.4590405,938.8,10.750328,1.69561827
1988,Nepal,NPL,28.9384615,4018,16.1762238,24.3346879,939.9,8.98300338,7.69680871
1989,Nepal,NPL,28.9566434,4500,16.2013986,29.0840815,941,8.84688691,4.32964793
1990,Nepal,NPL,28.9818182,5000,16.2265734,31.2497845,938.8,8.23970038,4.63503635
1991,Nepal,NPL,29,5542,16.2517483,34.8967298,1182.25,15.5574529,6.3681504
1992,Nepal,NPL,29.0783217,7800,16.2748252,35.2352512,1234.16,17.1495236,4.10640662
1993,Nepal,NPL,29.1566434,10100,16.2979021,31.5523899,1409.8,7.50539419,3.84985003
1994,Nepal,NPL,29.234965,12400,16.320979,39.8474656,1744.5,8.34928673,8.21600269
1995,Nepal,NPL,29.3132867,14700,16.3440559,40.090279,1895.7,7.62296951,3.46845189
1996,Nepal,NPL,29.3916084,17000,16.3671329,44.0076907,1959.1,9.22046662,5.32828418
1997,Nepal,NPL,29.4699301,19350,16.3902098,45.8656882,2191.37,4.00998861,5.04861255
1998,Nepal,NPL,29.5482518,21700,16.4132867,51.7660091,2315.7,11.2444678,3.01638948
1999,Nepal,NPL,29.6265734,24000,16.4363636,40.1633765,3123.7,7.45111261,4.41257328
2000,Nepal,NPL,29.641437,26300,16.4213464,31.0169924,3221,2.47882021,6.19999998
2001,Nepal,NPL,29.7104988,28971,16.4283223,30.796603,3464.6,2.68830374,4.79989214
2002,Nepal,NPL,29.584932,28971,16.2888036,16.6809422,2786.7,3.02939949,0.12014318
2003,Nepal,NPL,29.4872689,28971,16.149285,5.0587473,3021.8,5.70700932,3.94503776
2004,Nepal,NPL,29.4244855,28971,16.044646,8.02521739,2809.6,2.84181131,4.68260325
2005,Nepal,NPL,29.3128706,28971,15.9051273,3.56885965,3188.6,6.83633266,3.47918105
2006,Nepal,NPL,29.1942797,28971,15.7656087,5.6420354,2616.1,6.92033581,3.36461478
2007,Nepal,NPL,29.061737,28971,15.62609,1.60892857,2693.6,2.26921924,3.41156028
2008,Nepal,NPL,28.9640739,28971,15.4865713,1.36486487,2994.9,9.90783005,6.10463914
2009,Nepal,NPL,28.8803628,2470,15.3470527,18.2027273,3882.8,11.0948237,4.53307873
2010,Nepal,NPL,28.7826997,2660,15.207534,25.0866973,4640.9,9.32650411,4.81641465
2011,Nepal,NPL,28.7868853,2860,15.0868504,35.8098673,5199.2,9.22707546,3.4218087
2012,Nepal,NPL,28.74782,3050,14.7750262,26.6949953,5997.8,9.4598098,4.67014192
2013,Nepal,NPL,28.74782,3250,14.7471224,54.4451277,6087.8,9.04016312,3.52515317
2014,Nepal,NPL,28.74782,3454,14.7450297,67.3703458,7132.2,8.3641547,6.01148284
2015,Nepal,NPL,28.74782,3500,14.7450297,74.1141411,7186.2,7.86890896,3.97605327
2016,Nepal,NPL,28.74782,3500,14.7450297,74.6811657,10735.7,8.79034332,0.43311372
2017,Nepal,NPL,28.74782,3500,14.7450297,65.5132706,13265.3,3.62709611,8.97727935
2018,Nepal,NPL,28.74782,3350,14.7450297,86.8841368,15139.4,4.06116339,7.62237611
2019,Nepal,NPL,28.74782,3200,14.7450297,87.2752803,13860.5,5.56868548,6.65705543
2020,Nepal,NPL,28.74782,3075,14.7450297,101.977442,14949.2,5.05236655,-2.3696206
2021,Nepal,NPL,28.74782,2950,14.7450297,97.8385201,2851.255938,4.08791046,4.83814961
1960,Sri Lanka,LKA,28.11175085,2800,9.11657481,119.1629576,833.9,-1.5446768,5.25429922
1961,Sri Lanka,LKA,27.4756817,4636,9.48811992,140.487395,908,1.13444364,4.77656417
1962,Sri Lanka,LKA,27.220539,5748,9.20108436,165.454073,1012.4,1.50357995,3.81801956
1963,Sri Lanka,LKA,32.8496253,6620,12.6295647,114.631313,1042.1,2.2729054,2.51674859
1964,Sri Lanka,LKA,33.5353213,7011,12.5976718,106.978481,1228.4,3.19564718,3.90643384
1965,Sri Lanka,LKA,34.3804816,7293,12.6455111,121.58512,1309.5,0.22278331,2.53695354
1966,Sri Lanka,LKA,35.1618562,8500,12.6295647,131.859849,1454.3,-0.1556017,5.02378944
1967,Sri Lanka,LKA,35.9591772,9700,12.6295647,128.431818,1524.114286,2.18923933,6.43902442
1968,Sri Lanka,LKA,37.0116409,11000,12.7252432,163.261905,1626.978571,5.86056645,5.80109417
1969,Sri Lanka,LKA,37.1232658,12200,12.8209217,110.696517,1729.842857,7.45695273,7.71681966
1970,Sri Lanka,LKA,37.2029979,13500,12.9166002,129.753086,1832.707143,5.86695608,3.84662986
1971,Sri Lanka,LKA,37.2986765,14776,13.0122787,137.622549,1935.571429,2.66538021,1.3069054
1972,Sri Lanka,LKA,37.394355,15000,13.1079573,121.532847,2038.435714,6.34948605,-0.4104799
1973,Sri Lanka,LKA,37.4900335,15200,13.2036358,134.178744,2141.3,9.6266431,7.05739894
1974,Sri Lanka,LKA,37.585712,15400,13.2993143,122.182254,2244.164286,12.3028868,3.84583084
1975,Sri Lanka,LKA,37.6176049,15576,13.554457,85.1764706,2347.028571,6.62599255,6.12623316
1976,Sri Lanka,LKA,38.2076224,15826,14.351778,105.888889,2449.892857,1.32951868,3.33510669
1977,Sri Lanka,LKA,38.7976399,16256,15.149099,117.473684,2552.757143,1.22487959,5.10059026
1978,Sri Lanka,LKA,39.3717111,18755,15.94642,135.886,2655.621429,12.1415973,5.65383686
1979,Sri Lanka,LKA,37.6176049,17560,14.351778,162.126667,2758.485714,10.7319214,6.40355693
1980,Sri Lanka,LKA,37.4581407,16350,14.351778,183.626667,2861.35,26.1454101,5.84602652
1981,Sri Lanka,LKA,37.4581407,15170,14.351778,163.777778,2964.214286,17.9689955,5.69952477
1982,Sri Lanka,LKA,36.6129804,13976,13.666082,181.6021,3067.078571,10.8257492,4.1414957
1983,Sri Lanka,LKA,36.8043374,2700,13.857439,192.998849,3169.942857,13.964388,4.81399097
1984,Sri Lanka,LKA,36.8521767,2580,13.9052783,218.918578,3272.807143,16.6382538,5.09914656
1985,Sri Lanka,LKA,36.9159624,2450,13.969064,222.234018,3375.671429,1.48118012,4.99940637
1986,Sri Lanka,LKA,37.091373,2300,14.1444746,217.772266,3478.535714,7.97636194,4.35554692
1987,Sri Lanka,LKA,37.2189444,2180,14.2720459,227.606704,3581.4,7.71716561,1.72561069
1988,Sri Lanka,LKA,37.2667836,2050,14.3198852,230.623608,3684.264286,13.9915489,2.47268504
1989,Sri Lanka,LKA,37.3146229,1925,14.3677245,233.90788,3787.128571,11.5675361,2.29930141
1990,Sri Lanka,LKA,37.2986765,1800,14.351778,190.158889,3839.2,21.4952521,6.39999531
1991,Sri Lanka,LKA,37.3465157,1675,14.3996173,196.228129,3985.4,12.1856307,4.59998724
1992,Sri Lanka,LKA,37.3784086,1550,14.4315101,202.935912,5248.3,11.3834371,4.39999125
1993,Sri Lanka,LKA,36.9956945,1400,14.0328496,239.207955,5091.3,11.746737,6.90006325
1994,Sri Lanka,LKA,37.0435337,1300,14.0806889,246.322763,5766.8,8.44871249,5.59991873
1995,Sri Lanka,LKA,37.091373,1200,14.1285282,232.554176,5816.4,7.67484873,5.50008523
1996,Sri Lanka,LKA,37.1073194,1080,14.1444746,238.072153,8355.3,15.935831,3.79996721
1997,Sri Lanka,LKA,37.1232658,1000,14.160421,235.037162,8340.5,9.57369626,6.4053997
1998,Sri Lanka,LKA,37.1392123,900,14.1763674,262.006749,8608.4,9.36424301,4.69842305
1999,Sri Lanka,LKA,37.394355,800,14.4315101,286.277348,9496.3,4.69170563,4.3005405
2000,Sri Lanka,LKA,37.4740871,700,14.5909743,269.907104,10928.9,6.17627591,6.00003316
2001,Sri Lanka,LKA,37.4900335,450,14.6069208,266.449782,10848,14.1584558,-1.5454081
2002,Sri Lanka,LKA,37.5697656,1555,14.9258492,304.563034,11385.2,9.55103167,3.96467569
2003,Sri Lanka,LKA,37.7930155,3000,15.149099,259.184211,12412.3,6.31463787,5.94026908
2004,Sri Lanka,LKA,36.8362303,2925.25,14.351778,287.01,12868.2,7.57592583,5.44506128
2005,Sri Lanka,LKA,40.0255143,2850.5,17.541062,255.291818,13984.4,11.6396861,6.24174804
2006,Sri Lanka,LKA,38.9092649,2775.75,16.743741,291.315238,12404.9,10.0201836,7.6682919
2007,Sri Lanka,LKA,38.1119439,2701,15.94642,288.525,13591.6,15.8421115,6.79682612
2008,Sri Lanka,LKA,41.38096,2626.25,19.135704,311.711667,12810.7,22.5644955,5.95008815
2009,Sri Lanka,LKA,41.6201563,2551.5,19.135704,257.928333,12291.4,3.46496322,3.53891205
2010,Sri Lanka,LKA,41.7796205,2476.75,19.135704,229.0475,13071.8,6.21764889,8.01596737
2011,Sri Lanka,LKA,43.5337267,2402,20.730346,257.314615,15410.2,6.71676844,8.66948301
2012,Sri Lanka,LKA,43.6931909,2327.25,20.730346,205.855246,17440.4,7.54291373,8.63218138
2013,Sri Lanka,LKA,43.6931909,2252.5,20.730346,173.985685,14448.4,6.90845035,4.05174633
2014,Sri Lanka,LKA,43.6931909,2177.75,20.730346,261.314592,17458.3,3.17900228,6.3779789
2015,Sri Lanka,LKA,44.2699498,2103,21.0039908,190.095054,19240.9,3.76836783,4.20595548
2016,Sri Lanka,LKA,44.4315189,2028.25,21.1655599,126.26284,23167.6,3.95888847,5.05362489
2017,Sri Lanka,LKA,44.5963195,1953.5,21.3303605,117.393622,23140.5,7.70413768,6.46068127
2018,Sri Lanka,LKA,45.4480797,1878.75,22.1712143,138.296326,21690.3,2.13503774,2.31008426
2019,Sri Lanka,LKA,45.4472947,1804,22.1706062,190.038968,23427.9,3.52839358,-0.2204839
2020,Sri Lanka,LKA,45.4574846,1729.25,22.1791141,298.954337,21846.3,6.15394508,-4.6245158
2021,Sri Lanka,LKA,45.4574846,1654.5,22.1791141,153.938229,1035.2,7.01478071,3.51222456
1960,Pakistan,PAK,45.9035555,5579.75,30.92403195,77.65843759,32026,6.94736842,3.96535564
1961,Pakistan,PAK,46.3496264,5500,39.6689498,1.37864617,33005.8,1.64041995,5.98734642
1962,Pakistan,PAK,46.4923205,6000,39.8116438,1.34799609,33017.8,-0.5164622,4.48285863
1963,Pakistan,PAK,46.5442092,6500,39.8635326,2.22095672,33675,1.45648845,8.68883152
1964,Pakistan,PAK,47.1603881,7000,40.4732254,2.73,34170.9,4.17958688,7.56975745
1965,Pakistan,PAK,48.3019406,7388,41.6147779,2.19722569,34666.8,5.56863548,10.4193658
1966,Pakistan,PAK,48.53544,9733,41.8482773,3.466646,35162.7,7.2276216,5.7899518
1967,Pakistan,PAK,48.6067871,12500,41.9131382,5.89384092,35658.6,6.81139963,5.4006126
1968,Pakistan,PAK,48.2176214,15500,41.5239726,7.64289285,36154.5,0.17062735,7.23322093
1969,Pakistan,PAK,46.3107098,18909,39.617061,10.0756713,36650.4,3.1869868,5.50789963
1970,Pakistan,PAK,46.5247509,21000,39.824616,9.22495114,37146.3,5.34984091,11.3534617
1971,Pakistan,PAK,46.0318078,24000,39.3316729,12.5972296,37642.2,4.73069148,0.46837255
1972,Pakistan,PAK,46.0577522,30513,39.3576173,14.3823336,38138.1,5.18323765,0.81340641
1973,Pakistan,PAK,47.218763,30165,40.4861976,12.9022749,38634,23.070084,7.06426386
1974,Pakistan,PAK,46.3625986,33000,39.6040888,13.937111,39129.9,26.6630349,3.54019171
1975,Pakistan,PAK,46.7452781,35714,39.9543379,17.9821753,39625.8,20.9045095,4.21141563
1976,Pakistan,PAK,46.3262765,48600,39.5132835,20.7255417,40121.7,7.15832373,5.15618959
1977,Pakistan,PAK,46.5870174,61500,39.7467829,23.4073107,40617.6,10.1329677,3.94769829
1978,Pakistan,PAK,47.2408157,74500,40.4083645,28.2439807,41113.5,6.13869267,8.04853362
1979,Pakistan,PAK,47.1370382,87400,40.2786426,31.7715942,41609.4,8.26704698,3.75843557
1980,Pakistan,PAK,48.5367372,97373,41.6536945,33.6251635,42105.3,11.9382309,10.215704
1981,Pakistan,PAK,47.3536737,112000,40.4213367,34.6548781,42601.2,11.8799136,7.92076357
1982,Pakistan,PAK,49.9545973,122004,42.9898298,37.5472541,43097.1,5.90352878,6.5374868
1983,Pakistan,PAK,47.2304379,139652,40.2656704,38.7982603,43593,6.3620335,6.77837834
1984,Pakistan,PAK,48.6457036,157300,41.6536945,39.0222361,44088.9,6.08716674,5.06520561
1985,Pakistan,PAK,48.150166,156633,41.134807,47.6543362,44584.8,5.61483922,7.5921147
1986,Pakistan,PAK,46.1433686,178400,39.0981735,59.2302588,45080.7,3.50641425,5.50165366
1987,Pakistan,PAK,47.5703093,2e+05,40.5380863,55.0464,45576.6,4.68121855,6.45234303
1988,Pakistan,PAK,45.8527916,222000,38.8127854,58.1347594,46072.5,8.83793702,7.62527878
1989,Pakistan,PAK,46.5182648,244000,39.4484226,62.1547188,46568.4,7.84426474,4.95976889
1990,Pakistan,PAK,45.6698838,265728,38.5922582,63.6268571,59026,9.05213155,4.45858682
1991,Pakistan,PAK,45.7529058,271903,38.6700913,63.20473,60305.8,11.7912703,5.06156776
1992,Pakistan,PAK,45.8955998,283300,38.8127854,71.7886029,66977.8,9.50904146,7.70589782
1993,Pakistan,PAK,46.3755708,268080,39.2149232,71.0148859,73749.6,9.97366476,1.7577477
1994,Pakistan,PAK,46.4274595,252861,39.2408676,72.1841984,76253.6,12.3681944,3.73741555
1995,Pakistan,PAK,46.7336032,304992,39.5132835,82.5713723,82737.2,12.3435785,4.96260915
1996,Pakistan,PAK,46.9229971,320417,39.6300332,78.9845827,85821.1,10.3738086,4.84658128
1997,Pakistan,PAK,47.5677148,331000,40.2656704,85.6744201,89362.5,11.3754929,1.01439601
1998,Pakistan,PAK,47.6857617,342000,40.3694479,82.8422879,90190.3,6.22800415,2.5502343
1999,Pakistan,PAK,47.6805729,352600,40.3564757,91.0639666,98773.3,4.14263718,3.66013274
2000,Pakistan,PAK,47.6053342,326595,40.2656704,95.441366,98374.1,4.36666451,4.26008801
2001,Pakistan,PAK,47.9607721,338884,40.6029473,94.071885,99837.2,3.14826145,3.55441822
2002,Pakistan,PAK,47.8466169,351173,40.4991698,97.7847534,102325.6,3.29034473,2.50833772
2003,Pakistan,PAK,47.7921337,363462,40.4602532,100.970183,105663.5,2.9141347,5.77703399
2004,Pakistan,PAK,46.7582503,401663,39.3187007,110.778951,118313.6,7.44462469,7.54686002
2005,Pakistan,PAK,46.6544728,420702,39.1370901,123.48346,121608.7,9.06332737,6.51877807
2006,Pakistan,PAK,46.875,439741,39.3316729,125.730244,132304.2,7.9210844,5.89898444
2007,Pakistan,PAK,46.7167393,1505,39.1500623,118.423492,145813.3,7.59868441,4.83281728
2008,Pakistan,PAK,45.8086862,1430.25,38.2160648,119.15465,140734.2,20.2861211,1.70140547
2009,Pakistan,PAK,45.7619863,1355.5,38.164176,144.32743,145337.9,13.6477651,2.83165852
2010,Pakistan,PAK,45.7165836,1280.75,38.1252594,138.30473,140378.6,12.9388706,1.60668863
2011,Pakistan,PAK,46.6168535,1206,39.0462848,128.522691,141690,11.9160927,2.74840592
2012,Pakistan,PAK,46.7816003,1131.25,39.2278954,117.362368,143819.1,9.68235186,3.50703342
2013,Pakistan,PAK,47.0630967,1056.5,39.5262557,135.702593,145993.7,7.69215612,4.39645663
2014,Pakistan,PAK,47.0267746,981.75,39.4873391,134.854139,154235.2,7.18938403,4.67470798
2015,Pakistan,PAK,46.9619137,907,39.4354504,137.471579,164152.3,2.52932817,4.73114748
2016,Pakistan,PAK,47.7298672,832.25,40.2008095,144.562956,181113.3,3.76511916,5.52673585
2017,Pakistan,PAK,48.0009859,757.5,40.4861976,152.478949,198738.8,4.08537368,4.43262591
2018,Pakistan,PAK,47.936125,682.75,40.4213367,152.72362,186865.6,5.07805726,6.15170261
2019,Pakistan,PAK,47.1188771,608,39.6040888,152.385293,184096.3,10.5783618,2.49763693
2020,Pakistan,PAK,47.6377646,533.25,40.1229763,155.150889,184111.2,9.73999314,-1.2740874
2021,Pakistan,PAK,47.0929328,458.5,39.5781445,157.286693,941.8125,9.49621056,6.48708677
1960,Maldives,MDV,16.87979975,383.75,39.7424589,153.7683978,938.8,10.0178785,9.62778292
1961,Maldives,MDV,16.6666667,309,39.72948675,150.2501026,1182.25,6.66565672,5.94734333
1962,Maldives,MDV,16.6666667,234.25,39.7165146,146.7318074,1234.16,4.90697344,5.53345456
1963,Maldives,MDV,16.6666667,159.5,39.70354245,143.2135123,1409.8,4.94821634,1.05683143
1964,Maldives,MDV,16.6666667,84.75,39.6905703,139.6952171,1744.5,3.32817338,5.48239602
1965,Maldives,MDV,16.6666667,10,39.67759815,136.1769219,1895.7,3.93882647,4.75077622
1966,Maldives,MDV,16.6666667,15,39.664626,132.6586267,1959.1,3.72950574,6.65892407
1967,Maldives,MDV,16.6666667,20,39.65165385,129.1403315,2191.37,6.62343678,7.57449184
1968,Maldives,MDV,16.6666667,30,39.6386817,125.6220363,2315.7,5.13140747,7.54952225
1969,Maldives,MDV,16.6666667,30,39.62570955,122.1037411,3123.7,5.300810635,4.04982085
1970,Maldives,MDV,16.6666667,40,39.6127374,118.585446,3221,5.4702138,6.18441582
1971,Maldives,MDV,20,50,10,115.0671508,3464.6,5.639616965,8.84575556
1972,Maldives,MDV,20,60,10,111.5488556,2786.7,5.80902013,3.84099116
1973,Maldives,MDV,23.3333333,70,10,108.0305604,3021.8,5.978423295,4.82396626
1974,Maldives,MDV,23.3333333,80,10,104.5122652,2809.6,6.14782646,3.80397532
1975,Maldives,MDV,23.3333333,90,10,100.99397,3188.6,6.317229625,7.86038148
1976,Maldives,MDV,23.3333333,100,10,97.47567484,2616.1,6.48663279,7.92293661
1977,Maldives,MDV,23.3333333,106,10,93.95737965,2693.6,6.656035955,7.92343062
1978,Maldives,MDV,23.3333333,110,10,90.43908447,2994.9,6.82543912,8.06073257
1979,Maldives,MDV,23.3333333,112,10,86.92078928,3882.8,6.994842285,7.66081507
1980,Maldives,MDV,23.3333333,115,10,83.40249409,4640.9,7.16424545,3.08669806
1981,Maldives,MDV,23.3333333,117,10,79.88419891,5199.2,7.333648615,7.86188883
1982,Maldives,MDV,26.6666667,117,10,76.36590372,5997.8,7.50305178,8.4975847
1983,Maldives,MDV,26.6666667,117,10,72.84760853,6087.8,7.672454945,5.241315
1984,Maldives,MDV,26.6666667,120,10,69.32931335,7132.2,7.84185811,5.45638875
1985,Maldives,MDV,26.6666667,123,10,65.81101816,7186.2,8.011261275,6.3861064
1986,Maldives,MDV,26.6666667,126,10,62.29272298,10735.7,9.72219328,7.41022761
1987,Maldives,MDV,26.6666667,129,10,58.77442779,13265.3,9.70407233,7.99625379
1988,Maldives,MDV,26.6666667,132,10,55.2561326,15139.4,6.45636027,8.2563055
1989,Maldives,MDV,26.6666667,136,10,51.73783742,13860.5,7.1658589,6.79538342
1990,Maldives,MDV,26.6666667,138.9333333,10,48.21954223,156.7,3.64991198,6.45385135
1991,Maldives,MDV,26.6666667,141.8666667,10,44.70124705,159.6,14.713677,3.87143694
1992,Maldives,MDV,26.6666667,144.8,10,41.18295186,225.1,16.8559978,-5.8310532
1993,Maldives,MDV,26.6666667,147.7333333,10,37.66465667,202.6,20.1273593,9.05027791
1994,Maldives,MDV,26.6666667,150.6666667,10,34.14636149,204.6,3.38610098,7.55421937
1995,Maldives,MDV,26.6666667,153.6,10,30.6280663,261.4,5.48886133,6.05816083
1996,Maldives,MDV,26.6666667,156.5333333,10,27.10977112,281.6,6.24124592,7.85864693
1997,Maldives,MDV,26.6666667,159.4666667,10,23.59147593,338.3,7.57283467,8.39794083
1998,Maldives,MDV,26.6666667,162.4,10,20.07318074,311,-1.4042523,7.49468303
1999,Maldives,MDV,26.6666667,165.3333333,10,16.55488556,429.9,2.95370836,6.17565583
2000,Maldives,MDV,30,168.2666667,10,13.03659037,462.2,-1.1747568,3.84581039
2001,Maldives,MDV,33.3333333,171.2,10,9.518295186,481.3,0.67257737,-3.9436344
2002,Maldives,MDV,40,174.1333333,10,6,614.4,4.1786724,7.26838631
2003,Maldives,MDV,40,177.0666667,10,8,528.5,-1.2606511,13.7500498
2004,Maldives,MDV,36.6666667,180,10,10.3333333,693.1,-1.6854121,6.03375405
2005,Maldives,MDV,30,190,10,29.6666667,626.9,1.30027501,-13.129053
2006,Maldives,MDV,23.3333333,200,10,117.666667,790.5,2.73842132,26.1114935
2007,Maldives,MDV,23.3333333,215,10,87.3333333,810.6,6.79477354,7.71386727
2008,Maldives,MDV,23.3333333,225,10,22.3333333,870.6,12.0414584,9.48533266
2009,Maldives,MDV,23.3333333,320,10,131.333333,916.6,4.53017659,-7.2288415
2010,Maldives,MDV,23,420,13,94.3589744,963,6.14988537,7.26512907
2011,Maldives,MDV,23,510,13,36.6666667,1012.8,11.2734146,8.56673353
2012,Maldives,MDV,21.3333333,610,13,134.8,1144.6,10.8846957,2.51738394
2013,Maldives,MDV,21.3333333,794,13,193.523077,1128.5,3.80563001,7.28107398
2014,Maldives,MDV,21.3333333,800,13,60.3871795,1355.2,2.12000176,7.3296262
2015,Maldives,MDV,21.3333333,900,13,61.1794872,1339.3,0.95320666,2.88454853
2016,Maldives,MDV,21.3333333,1070,13,94.1846154,1465.9,0.50250941,6.33830064
2017,Maldives,MDV,21.3333333,1240,13,113.246154,1546.1,2.81747338,7.20991012
2018,Maldives,MDV,21.3333333,1925,13,114.974359,1776.1,-0.1333734,8.12312891
2019,Maldives,MDV,21.3333333,1580,13,71.7282051,1999.5,0.22002973,7.09746602
2020,Maldives,MDV,21.3333333,1740,13,90.9051282,1454,-1.3697743,-33.492796
2021,Maldives,MDV,19.6666667,1910,13,110.084615,14949.2,0.54314969,41.7451006
1960,Uzbekistan,UZB,49.69816646,2080,12.92476243,111.6931101,78154.6,8.18066444,5.45303097
1961,Uzbekistan,UZB,49.97710393,2514,12.84952487,113.3016052,79600.3,8.350067605,-0.4558943
1962,Uzbekistan,UZB,49.4560414,2420,12.7742873,114.9101003,81046,8.51947077,10.9527886
1963,Uzbekistan,UZB,49.83497887,2591,12.69904973,116.5185954,82491.7,8.688873935,1.60625823
1964,Uzbekistan,UZB,49.21391634,2690,12.62381217,118.1270905,83937.4,8.8582771,2.566812
1965,Uzbekistan,UZB,47.94029152,2770,12.5485746,119.7355855,85383.1,9.027680265,-1.8758639
1966,Uzbekistan,UZB,49.31922899,2783,12.47333703,121.3440806,86828.8,9.19708343,9.48945402
1967,Uzbekistan,UZB,49.69816646,3200,12.39809947,122.9525757,88274.5,9.366486595,1.22085791
1968,Uzbekistan,UZB,49.97710393,3600,12.3228619,124.5610708,89720.2,9.53588976,5.61985229
1969,Uzbekistan,UZB,49.4560414,4018,12.24762433,126.1695659,91165.9,9.705292925,-5.479483
1970,Uzbekistan,UZB,49.83497887,4500,12.17238677,127.778061,92611.6,9.87469609,-13.973729
1971,Uzbekistan,UZB,49.21391634,5000,12.0971492,129.3865561,94057.3,7.41276596,3.3256802
1972,Uzbekistan,UZB,49.59285381,5542,12.02191163,130.9950512,95503,6.04547976,9.5919563
1973,Uzbekistan,UZB,48.97179128,7800,11.94667407,132.6035463,96948.7,6.12671847,-4.0882141
1974,Uzbekistan,UZB,49.35072875,10100,11.8714365,134.2120414,98394.4,6.35736412,5.6613612
1975,Uzbekistan,UZB,49.72966622,12400,11.79619893,135.8205365,99840.1,3.63407692,2.67305605
1976,Uzbekistan,UZB,48.10860368,14700,11.72096137,137.4290315,101285.8,3.0148186,7.07383773
1977,Uzbekistan,UZB,47.48754115,17000,11.6457238,139.0375266,102731.5,5.31374008,4.8016346
1978,Uzbekistan,UZB,48.86647862,19350,11.57048623,140.6460217,104177.2,10.2978118,0.81914187
1979,Uzbekistan,UZB,47.24541609,21700,11.49524867,142.2545168,105622.9,2.37712903,7.2339437
1980,Uzbekistan,UZB,48.62435356,24000,11.4200111,143.8630119,107068.6,5.30560106,2.13432784
1981,Uzbekistan,UZB,50.00329103,26300,11.34477353,145.471507,108514.3,8.40223796,3.8810464
1982,Uzbekistan,UZB,48.3822285,28971,11.26953597,147.0800021,109960,6.1066959,4.80331002
1983,Uzbekistan,UZB,52.76116597,28971,11.1942984,148.6884972,111405.7,2.20825621,3.34201465
1984,Uzbekistan,UZB,51.14010344,28971,11.11906083,150.2969923,112851.4,2.00717374,4.17338256
1985,Uzbekistan,UZB,55.51904091,28971,11.04382327,151.9054874,114297.1,3.33256493,3.77240185
1986,Uzbekistan,UZB,54.89797838,28971,10.9685857,153.5139825,115742.8,5.66870773,2.41625686
1987,Uzbekistan,UZB,58.27691585,28971,10.89334813,155.1224775,117188.5,7.58753639,2.83658213
1988,Uzbekistan,UZB,57.65585332,28971,10.81811057,156.7309726,115634.2,7.04661816,9.13858228
1989,Uzbekistan,UZB,61.03479079,28971,10.742873,158.3394677,116079.9,6.76526117,3.09129397
1990,Uzbekistan,UZB,62.41372826,27348.66667,10.66763543,159.9479628,117767.7,9.10698497,1.60000001
1991,Uzbekistan,UZB,63.79266573,25726.33333,10.59239787,161.5564579,118584.8,8.9019449,-0.492
1992,Uzbekistan,UZB,65.1716032,24104,10.5171603,163.164953,113076.8,5.42347236,-11.2
1993,Uzbekistan,UZB,64.9905971,22481.66667,10.5101081,142.250056,114592.9,8.12667639,-2.3
1994,Uzbekistan,UZB,64.974142,20859.33333,10.503056,155.863921,108876.6,11.3951652,-5.2
1995,Uzbekistan,UZB,64.9811942,19237,10.5195111,165.921788,98154.6,6.21750422,-0.9
1996,Uzbekistan,UZB,64.974142,17614.66667,10.5218618,169.4191242,99600.3,7.53040641,1.7
1997,Uzbekistan,UZB,64.9670898,15992.33333,10.5242125,195.465714,100732.3,6.99163889,5.2
1998,Uzbekistan,UZB,64.254819,14370,10.5265632,184.100045,116263.5,6.19428023,4.3
1999,Uzbekistan,UZB,64.2477668,12747.66667,10.528914,172.985041,116488.1,5.51352573,4.3
2000,Uzbekistan,UZB,62.6839311,11125.33333,10.2760543,163.214286,123804.5,5.70207016,3.835
2001,Uzbekistan,UZB,62.6848141,9503,10.2796213,160.745369,125695.4,5.5436214,4.16383825
2002,Uzbekistan,UZB,62.0447752,7880.666667,10.2865034,160.347904,129888,5.5919964,3.97348819
2003,Uzbekistan,UZB,61.6343602,6258.333333,10.197831,155.905512,121905.7,5.69107475,4.23262738
2004,Uzbekistan,UZB,61.2224764,4636,10.1089129,151.85202,124840.1,5.54565431,7.44900061
2005,Uzbekistan,UZB,60.8077568,5748,10.0195251,159.30158,119190.1,5.746868918,6.9500072
2006,Uzbekistan,UZB,60.3923368,6620,9.9300218,165.203327,127356.9,5.948083526,7.45141848
2007,Uzbekistan,UZB,59.9586223,7011,9.83751697,169.057123,122580.6,6.149298135,9.47300531
2008,Uzbekistan,UZB,59.5457913,7293,9.74844426,175.869412,128884.1,6.350512743,9.02916102
2009,Uzbekistan,UZB,59.1336063,8500,9.65947539,197.896699,116532.5,6.551727351,8.05093333
2010,Uzbekistan,UZB,58.7255559,9700,9.57117818,205.389501,126240.5,6.752941959,7.59716796
2011,Uzbekistan,UZB,58.3214206,11000,9.48351227,213.023712,128633.7,13.7797447,7.52513989
2012,Uzbekistan,UZB,57.9072969,12200,9.39421753,211.386175,113140.2,13.2088027,7.10244489
2013,Uzbekistan,UZB,57.5048934,13500,9.30496181,232.749199,111856.5,11.8414334,7.29655037
2014,Uzbekistan,UZB,58.6109333,14776,9.27972023,244.661968,104872.5,9.28309356,6.87383844
2015,Uzbekistan,UZB,57.9845665,15000,9.1715842,248.692155,99358.2,8.75188197,7.21877351
2016,Uzbekistan,UZB,57.9805307,15200,9.15883438,253.734295,105333.9,8.1308867,5.9321508
2017,Uzbekistan,UZB,57.9525543,15400,9.13869647,254.295152,109708.5,13.8757425,4.39527463
2018,Uzbekistan,UZB,57.9234067,15576,9.1237372,217.958635,112720.5,17.5241797,5.87974287
2019,Uzbekistan,UZB,58.0070593,15826,9.15549704,272.468739,117687.8,14.525736,5.98156194
2020,Uzbekistan,UZB,58.283218,16256,9.12969477,268.256483,115577.8,12.8677297,1.99558508
2021,Uzbekistan,UZB,58.301203,18755,9.11397403,296.838794,4186.3875,10.8492398,7.40336814
1960,Kyrgyz Republic,KGZ,51.12833184,17560,8.046343572,24.2424242,3839.2,6.954156567,5.62225816
1961,Kyrgyz Republic,KGZ,51.95546067,16350,8.978713115,20.7100592,3985.4,7.155371175,3.48522782
1962,Kyrgyz Republic,KGZ,51.78258951,15170,8.911082657,20.6794682,4248.3,7.356585784,5.44268555
1963,Kyrgyz Republic,KGZ,52.60971835,13976,8.8434522,20.6489676,4091.3,7.557800392,4.71156173
1964,Kyrgyz Republic,KGZ,51.43684718,13769.26829,8.775821742,22.84451,3795.85,7.759015,3.89012644
1965,Kyrgyz Republic,KGZ,52.26397602,13562.53659,8.708191285,22.8276878,3697.77,7.960229608,5.1212779
1966,Kyrgyz Republic,KGZ,52.09110485,13355.80488,8.640560827,21.3808824,3985.4,8.161444216,4.52291922
1967,Kyrgyz Republic,KGZ,51.91823369,13149.07317,8.572930369,20.5197368,3864.872857,8.362658825,4.4898965
1968,Kyrgyz Republic,KGZ,51.74536253,12942.34146,8.505299912,21.5331858,3843.833214,8.563873433,5.17702687
1969,Kyrgyz Republic,KGZ,52.57249136,12735.60976,8.437669454,20.5491071,3822.793571,8.765088041,4.67015637
1970,Kyrgyz Republic,KGZ,52.3996202,12528.87805,8.370038997,27.05055762,3801.753929,8.966302649,5.29329472
1971,Kyrgyz Republic,KGZ,53.22674904,12322.14634,8.302408539,24.7105655,3780.714286,9.167517257,5.07728778
1972,Kyrgyz Republic,KGZ,53.05387787,12115.41463,8.234778082,23.61040235,3759.674643,9.368731865,3.83312394
1973,Kyrgyz Republic,KGZ,51.88100671,11908.68293,8.167147624,23.81075716,3738.635,9.569946474,4.7395674
1974,Kyrgyz Republic,KGZ,52.70813555,11701.95122,8.099517166,24.01111198,3717.595357,9.771161082,5.23953291
1975,Kyrgyz Republic,KGZ,52.53526438,11495.21951,8.031886709,24.2114668,3696.555714,9.97237569,6.53594494
1976,Kyrgyz Republic,KGZ,52.36239322,11288.4878,7.964256251,24.41182162,3675.516071,9.84677217,6.67190498
1977,Kyrgyz Republic,KGZ,53.18952205,11081.7561,7.896625794,24.61217644,3654.476429,18.0577788,7.05859936
1978,Kyrgyz Republic,KGZ,53.01665089,10875.02439,7.828995336,24.81253126,3633.436786,7.03770661,6.01378976
1979,Kyrgyz Republic,KGZ,54.84377973,10668.29268,7.761364878,24.41182162,3612.397143,1.88201231,5.04512479
1980,Kyrgyz Republic,KGZ,54.67090856,10461.56098,7.693734421,24.61217644,3591.3575,9.96447602,5.57178819
1981,Kyrgyz Republic,KGZ,54.4980374,10254.82927,7.626103963,24.81253126,4041.746429,6.33177193,6.46437912
1982,Kyrgyz Republic,KGZ,54.32516624,10048.09756,7.558473506,25.01288608,4249.278214,10.0967138,6.52145878
1983,Kyrgyz Republic,KGZ,54.15229507,9841.365854,7.490843048,25.2132409,4456.81,8.77983719,6.01360566
1984,Kyrgyz Republic,KGZ,53.97942391,9634.634146,7.423212591,25.41359572,4664.341786,10.0118383,6.06105936
1985,Kyrgyz Republic,KGZ,53.80655275,9427.902439,7.355582133,25.61395054,4871.873571,12.2751729,6.55263988
1986,Kyrgyz Republic,KGZ,53.63368158,9221.170732,7.287951675,25.81430536,5079.405357,15.9752174,7.11347821
1987,Kyrgyz Republic,KGZ,53.46081042,9014.439024,7.220321218,26.01466018,5286.937143,11.1980166,3.29996837
1988,Kyrgyz Republic,KGZ,53.28793925,8807.707317,7.15269076,26.215015,5494.468929,7.00995355,13.2000301
1989,Kyrgyz Republic,KGZ,53.11506809,8600.97561,7.085060303,26.41536982,5702.000714,9.48754837,2.78975094
1990,Kyrgyz Republic,KGZ,52.94219693,8394.243902,7.017429845,26.61572464,5909.5325,8.79001382,5.70279663
1991,Kyrgyz Republic,KGZ,52.76932576,8187.512195,6.949799388,26.81607946,6117.064286,6.50548718,-7.9439252
1992,Kyrgyz Republic,KGZ,52.5964546,25000,6.88216893,24.2424242,6324.596071,10.58559,-13.837838
1993,Kyrgyz Republic,KGZ,52.7632951,26000,7.04900939,20.7100592,6532.127857,6.77699394,-15.459328
1994,Kyrgyz Republic,KGZ,53.8529719,27176,7.05943691,20.6794682,6544.5,4.01212081,-20.085159
1995,Kyrgyz Republic,KGZ,54.9374348,24802,7.06986444,20.6489676,4594.3,3.41478946,-5.4238219
1996,Kyrgyz Republic,KGZ,55.4796663,19670,7.07507821,22.84451,5760.6,31.9473377,7.08450241
1997,Kyrgyz Republic,KGZ,55.5839416,22000,7.08029197,22.8276878,5679.5,23.4354279,9.91525389
1998,Kyrgyz Republic,KGZ,55.7351408,25819,7.0907195,21.3808824,6022.3,10.4573826,2.12183526
1999,Kyrgyz Republic,KGZ,55.9228363,25930,7.13242961,20.5197368,4784.7,37.0309258,3.65578939
2000,Kyrgyz Republic,KGZ,55.8602711,25512,7.06986444,21.5331858,4643.3,18.7007343,5.44333663
2001,Kyrgyz Republic,KGZ,56.1835245,25307,7.00729927,20.5491071,3962.1,6.91967989,5.32162142
2002,Kyrgyz Republic,KGZ,56.1835245,21921,7.01251303,27.05055762,4965.1,2.13420986,-0.0173246
2003,Kyrgyz Republic,KGZ,56.5172054,22500,7.00729927,24.7105655,5579.7,2.97461295,7.0302932
2004,Kyrgyz Republic,KGZ,56.1522419,23100,6.95516163,21.6821589,5557.9,4.11065085,7.02681242
2005,Kyrgyz Republic,KGZ,56.0218978,23700,6.69447341,24.6285047,5307,4.33867392,-0.1755154
2006,Kyrgyz Republic,KGZ,55.9494265,24531,6.69290928,22.196775,5362.3,5.55212333,3.10289875
2007,Kyrgyz Republic,KGZ,55.9363921,24485,6.67361835,22.4546875,6473.1,10.2301033,8.54287476
2008,Kyrgyz Republic,KGZ,55.9290928,24445,6.67101147,18.9738179,7441.5,24.5201024,8.40161606
2009,Kyrgyz Republic,KGZ,55.3561001,7980.780488,6.6527633,22.0681818,6734.6,6.83656248,2.88629458
2010,Kyrgyz Republic,KGZ,55.3279458,7774.04878,6.65380605,22.6594578,6394.4,7.96772226,-0.4715666
2011,Kyrgyz Republic,KGZ,55.310219,7567.317073,6.65224192,19.1684301,7690.4,16.6363263,5.95627431
2012,Kyrgyz Republic,KGZ,55.2205422,7360.585366,6.65589155,24.3161523,10146,2.76844237,-0.0881502
2013,Kyrgyz Republic,KGZ,55.040146,7153.853659,6.66684046,27.4302026,9455,6.61375202,10.9154695
2014,Kyrgyz Republic,KGZ,55.0422315,6947.121951,6.67674661,32.0006247,9848.5,7.5342473,4.02403863
2015,Kyrgyz Republic,KGZ,55.0375391,6740.390244,6.67674661,10.4035843,10266.6,6.50331839,3.87582545
2016,Kyrgyz Republic,KGZ,54.9588113,6533.658537,6.71428571,12.6933841,9675.6,0.3888383,4.33585592
2017,Kyrgyz Republic,KGZ,54.9535975,6326.926829,6.71428571,7.69034788,9439,3.17530986,4.73993723
2018,Kyrgyz Republic,KGZ,54.0709072,6120.195122,6.71532847,21.2298137,11306.8,1.54266145,3.75791013
2019,Kyrgyz Republic,KGZ,54.0583942,5913.463415,6.71220021,22.6697219,10017.4,1.13362258,4.60062567
2020,Kyrgyz Republic,KGZ,54.0552659,5706.731707,6.71220021,22.6464191,9080.1,6.32542296,-8.3983643
2021,Kyrgyz Republic,KGZ,54.0464025,5500,6.71220021,22.6464191,21846.3,11.9050398,6.16763843
1960,Kazakhstan,KAZ,74.89446449,6000,6.902278267,1.723407,23008.16563,2.45535714,6.59025
1961,Kazakhstan,KAZ,75.74252648,6500,7.092356325,0.40429423,24170.03125,2.57230862,7.31941263
1962,Kazakhstan,KAZ,76.59058846,7000,7.282434382,1.06687297,25331.89688,4.10593698,7.88190673
1963,Kazakhstan,KAZ,77.43865045,7388,7.472512439,1.22681893,26493.7625,5.31263105,3.44802563
1964,Kazakhstan,KAZ,78.28671244,9733,7.662590496,1.71663879,27655.62813,5.00045438,6.93867912
1965,Kazakhstan,KAZ,77.13477443,12500,7.852668554,0.83609975,28817.49375,5.15611139,7.310661651
1966,Kazakhstan,KAZ,77.98283642,15500,8.042746611,1.19039219,29979.35938,8.32716049,7.682644182
1967,Kazakhstan,KAZ,78.7606401,18909,8.232824668,1.47829263,31141.225,4.36112219,8.054626713
1968,Kazakhstan,KAZ,79.6663703,21000,8.422902725,1.42845639,32303.09063,7.03638316,8.426609244
1969,Kazakhstan,KAZ,78.7841612,24000,8.612980783,1.37862015,33464.95625,8.8489857,8.798591775
1970,Kazakhstan,KAZ,78.4479387,30513,8.80305884,1.32878391,34626.82188,10.9196569,9.170574305
1971,Kazakhstan,KAZ,79.0713413,30165,8.993136897,1.27894767,35788.6875,7.00666667,9.542556836
1972,Kazakhstan,KAZ,78.8981739,33000,9.183214955,1.22911143,36950.55313,8.27106094,9.914539367
1973,Kazakhstan,KAZ,78.7756047,35714,9.373293012,1.17927519,38112.41875,4.54814395,10.2865219
1974,Kazakhstan,KAZ,79.7606401,48600,9.563371069,1.12943895,39274.28438,3.21988689,10.65850443
1975,Kazakhstan,KAZ,79.6663703,61500,9.753449126,1.07960271,40436.15,4.95508367,11.03048696
1976,Kazakhstan,KAZ,79.7841612,74500,9.943527184,1.02976647,41598.01563,2.72396386,11.40246949
1977,Kazakhstan,KAZ,79.4479387,87400,10.13360524,0.97993023,42759.88125,2.72643037,11.77445202
1978,Kazakhstan,KAZ,79.0713413,97373,10.3236833,0.93009399,43921.74688,5.62936523,12.14643455
1979,Kazakhstan,KAZ,78.8981739,112000,10.51376136,0.88025775,45083.6125,7.34681441,12.51841708
1980,Kazakhstan,KAZ,79.7606401,122004,10.70383941,0.83042151,46245.47813,7.534323563,12.89039961
1981,Kazakhstan,KAZ,79.6663703,139652,10.89391747,0.78058527,47407.34375,7.721832717,13.26238215
1982,Kazakhstan,KAZ,79.7841612,157300,11.08399553,0.73074903,48569.20938,7.90934187,13.63436468
1983,Kazakhstan,KAZ,79.4479387,156633,11.27407358,0.68091279,49731.075,8.096851023,14.00634721
1984,Kazakhstan,KAZ,79.0713413,178400,11.46415164,0.63107655,50892.94063,8.284360177,14.37832974
1985,Kazakhstan,KAZ,78.8981739,2e+05,11.6542297,0.58124031,52054.80625,8.47186933,14.75031227
1986,Kazakhstan,KAZ,78.7756047,222000,11.84430776,0.53140407,53216.67188,14.3889707,15.1222948
1987,Kazakhstan,KAZ,77.79213816,244000,12.03438581,0.48156783,54378.5375,-2.8083314,3.43977385
1988,Kazakhstan,KAZ,78.64020015,265728,12.22446387,0.43173159,55540.40313,1.17986997,10.4310159
1989,Kazakhstan,KAZ,79.48826214,271903,12.41454193,0.38189535,56702.26875,4.05759162,4.55665899
1990,Kazakhstan,KAZ,80.33632412,283300,12.60461999,0.33205911,237250.9,15.2372785,4.028533
1991,Kazakhstan,KAZ,81.18438611,268080,12.79469804,0.28222287,246366,-1.9995038,-11
1992,Kazakhstan,KAZ,82.0324481,217435,12.9847761,1.35501355,253841.7,8.3890239,-5.3
1993,Kazakhstan,KAZ,82.1376449,212082,12.9792199,1.24657534,219245.6,11.4297725,-9.2
1994,Kazakhstan,KAZ,82.1020854,196242,12.846983,3.48874088,199170.1,18.773724,-12.6
1995,Kazakhstan,KAZ,80.4483832,170185,12.8593918,2.73645097,175237.63,17.6155299,-8.2
1996,Kazakhstan,KAZ,79.8139053,142383,12.2263955,3.96878295,153394.84,39.1825424,0.5
1997,Kazakhstan,KAZ,79.894729,108121,12.057562,1.723407,132240.74,17.4080411,1.7
1998,Kazakhstan,KAZ,79.7606401,64249,11.9105086,0.40429423,135838.36,7.14632666,-1.9
1999,Kazakhstan,KAZ,79.6663703,54982,11.874023,1.06687297,122649.272,8.29602765,2.7
2000,Kazakhstan,KAZ,79.7841612,52084,11.1713524,1.22681893,120151.999,13.1808906,9.8
2001,Kazakhstan,KAZ,79.4479387,50811,10.8751713,1.71663879,117443.4,8.35413777,13.5
2002,Kazakhstan,KAZ,79.0713413,50154,10.4996481,0.83609975,131067.44,5.83692452,9.8
2003,Kazakhstan,KAZ,78.8981739,46669,10.4987962,1.19039219,146142.22,6.4382181,9.3
2004,Kazakhstan,KAZ,78.7756047,45791,10.5488758,1.47829263,158029.6,6.88205439,9.6
2005,Kazakhstan,KAZ,78.6331815,44116,10.5798052,1.42845639,169217.6,7.57999929,9.7
2006,Kazakhstan,KAZ,78.4814979,43715,10.5996963,1.44674308,185299.3,8.72169386,10.7
2007,Kazakhstan,KAZ,78.3181835,40228,10.6090306,2.05647808,198392.4,10.8468362,8.9
2008,Kazakhstan,KAZ,78.1017891,252861,10.5640627,1.08345781,242038,17.1398998,3.3
2009,Kazakhstan,KAZ,78.0765641,304992,10.6005112,1.97077384,213617.1,7.31607858,1.2
2010,Kazakhstan,KAZ,80.439234,320417,10.6248102,2.04603295,229702.2,7.40046357,7.3
2011,Kazakhstan,KAZ,80.3750417,331000,10.8088306,2.99555184,245455.3,8.42488762,7.4
2012,Kazakhstan,KAZ,80.3837834,342000,10.8650961,4.42025058,244599,5.09791485,4.8
2013,Kazakhstan,KAZ,80.377116,352600,10.8881357,2.88858196,260015.4,5.84640917,6
2014,Kazakhstan,KAZ,80.3049969,326595,10.9161018,3.95270477,209261.3,6.70657829,4.2
2015,Kazakhstan,KAZ,80.1050858,338884,10.9645887,4.29544848,191059.6,6.66577612,1.2
2016,Kazakhstan,KAZ,80.0985665,351173,10.9798126,3.84025578,202475.7,14.5460238,1.1
2017,Kazakhstan,KAZ,80.0880468,363462,10.9852947,5.33458138,214897.7,7.44000437,4.1
2018,Kazakhstan,KAZ,80.0222617,401663,11.0190021,4.05371353,216896.7,6.01913097,4.1
2019,Kazakhstan,KAZ,79.2585473,420702,10.882061,2.91739209,204592.2,5.2454768,4.5
2020,Kazakhstan,KAZ,79.2692521,439741,10.946846,5.57469242,211896.7,6.77154583,-2.5
2021,Kazakhstan,KAZ,79.1924658,437329.7151,10.9899989,4.44561286,57864.13438,8.04232063,4.3
1960,Turkmenistan,TKM,70.07220834,21224,3.70267912,42.19261424,26972,19.806338,1.3921976
1961,Turkmenistan,TKM,70.95195087,22304,3.70267912,45.62415982,33545,7.58598521,2.0543239
1962,Turkmenistan,TKM,70.83169341,23384,3.70267912,49.0557054,33989.8,-3.1132357,4.76737302
1963,Turkmenistan,TKM,70.71143595,24464,3.70267912,52.48725098,30608.9,9.89885284,7.35556732
1964,Turkmenistan,TKM,70.59117848,25544,3.89419701,55.91879656,30502.5,7.34609125,1.3831179
1965,Turkmenistan,TKM,70.47092102,26624,4.12827442,59.35034214,31838.6,3.56545379,-0.4078757
1966,Turkmenistan,TKM,70.35066355,27704,4.34107208,62.78188772,37688,14.6845028,4.60089143
1967,Turkmenistan,TKM,71.23040609,28784,4.34107208,66.2134333,35770.38571,11.1448567,1.98636659
1968,Turkmenistan,TKM,71.11014863,29864,4.34107208,69.64497888,36672.09643,11.6985466,4.95150367
1969,Turkmenistan,TKM,70.98989116,30944,4.34107208,73.07652446,37573.80714,12.3772381,7.07411728
1970,Turkmenistan,TKM,71.8696337,32024,4.34107208,76.50807004,38475.51786,2.84578496,5.56517286
1971,Turkmenistan,TKM,70.74937624,33104,4.34107208,79.93961562,39377.22857,8.05264127,5.37383852
1972,Turkmenistan,TKM,71.62911877,34184,4.585209024,83.3711612,40278.93929,18.9989496,5.91403084
1973,Turkmenistan,TKM,70.50886131,35264,4.664911418,86.80270678,41180.65,10.750328,7.98397202
1974,Turkmenistan,TKM,71.38860385,36344,4.744613811,90.23425236,40082.36071,8.98300338,3.35506829
1975,Turkmenistan,TKM,73.26834638,37424,3.70267912,93.66579794,40984.07143,8.84688691,8.34895448
1976,Turkmenistan,TKM,73.14808892,38504,3.89419701,97.09734352,41885.78214,8.23970038,6.9922818
1977,Turkmenistan,TKM,74.02783145,39584,4.12827442,100.5288891,37787.49286,15.5574529,7.82330236
1978,Turkmenistan,TKM,76.90757399,40664,4.34107208,103.9604347,33689.20357,17.1495236,6.00874224
1979,Turkmenistan,TKM,76.78731653,41744,4.34107208,107.3919803,34590.91429,7.50539419,7.28724935
1980,Turkmenistan,TKM,76.66705906,42824,4.34107208,90.82352584,35492.625,8.34928673,6.9997381
1981,Turkmenistan,TKM,76.5468016,43904,4.34107208,86.80270678,36394.33571,7.62296951,8.3608541
1982,Turkmenistan,TKM,76.42654414,44984,3.70267912,90.23425236,37296.04643,9.22046662,4.79946061
1983,Turkmenistan,TKM,76.30628667,46064,3.89419701,93.66579794,38197.75714,4.00998861,6.74833375
1984,Turkmenistan,TKM,76.18602921,47144,4.12827442,97.09734352,39099.46786,11.2444678,1.945896
1985,Turkmenistan,TKM,76.06577175,48224,4.34107208,127.9812537,40001.17857,7.45111261,7.98261704
1986,Turkmenistan,TKM,75.94551428,49304,4.34107208,97.09734352,40902.88929,2.47882021,5.11840086
1987,Turkmenistan,TKM,75.82525682,50384,4.34107208,100.5288891,41804.6,2.68830374,2.11997263
1988,Turkmenistan,TKM,75.70499935,51464,4.34107208,103.9604347,42706.31071,3.02939949,11.0236222
1989,Turkmenistan,TKM,75.58474189,52544,3.875728145,107.3919803,34590.91429,5.70700932,-4.2553195
1990,Turkmenistan,TKM,75.46448443,51224,3.638585787,110.8235258,35492.625,2.84181131,35.3845581
1991,Turkmenistan,TKM,75.34422696,61304,3.401443428,114.2550714,37788.5,6.83633266,-4.6052632
1992,Turkmenistan,TKM,75.2239695,62740,3.16430107,117.686617,28099.3,6.92033581,-14.965987
1993,Turkmenistan,TKM,75.4367672,52304,3.37497074,100.882724,26972,2.26921924,1.50000017
1994,Turkmenistan,TKM,75.4367672,58062,3.5962803,73.964497,33545,9.90783005,-17.29986
1995,Turkmenistan,TKM,75.543166,58529.6,3.70267912,75.2873563,33989.8,11.0948237,-7.2000409
1996,Turkmenistan,TKM,75.543166,58997.2,3.70267912,81.6091954,30608.9,9.32650411,6.69999216
1997,Turkmenistan,TKM,75.543166,59464.8,3.70267912,102.298851,30502.5,9.22707546,-11.4
1998,Turkmenistan,TKM,75.543166,59932.4,3.70267912,43.6781609,31838.6,9.4598098,7.10000034
1999,Turkmenistan,TKM,75.6282851,60400,3.89419701,49.8360656,37688,9.04016312,16.4999995
2000,Turkmenistan,TKM,75.543166,60867.6,4.12827442,51.8556701,38507.5,8.3641547,5.46906413
2001,Turkmenistan,TKM,75.543166,61335.2,4.34107208,54.9019608,39123,7.86890896,4.34384571
2002,Turkmenistan,TKM,75.2239695,61802.8,4.34107208,54.8529412,41410.7,8.79034332,0.25717993
2003,Turkmenistan,TKM,74.8834933,62270.4,4.34107208,60.7352941,46350.2,3.62709611,3.26882856
2004,Turkmenistan,TKM,74.5855766,62738,4.34107208,70.5392157,49365.2,4.06116339,5.00040744
2005,Turkmenistan,TKM,74.2238206,63205.6,4.34107208,93.627451,50592.5,5.56868548,13.0340349
2006,Turkmenistan,TKM,73.8407848,63673.2,4.34107208,126.715686,51916.5,5.05236655,10.9733083
2007,Turkmenistan,TKM,73.5215883,64140.8,4.34107208,132.107843,58482.3,4.08791046,11.0592995
2008,Turkmenistan,TKM,73.095993,64608.4,4.23467325,135.527638,59279.7,-1.5446768,14.7
2009,Turkmenistan,TKM,72.7874364,65076,4.23467325,137.085427,52386.8,1.13444364,6.10000012
2010,Turkmenistan,TKM,72.3512012,65543.6,4.12827442,141.752577,59175.1,1.50357995,9.19999999
2011,Turkmenistan,TKM,72.0064691,66011.2,4.12827442,141.752577,65076.7,2.2729054,14.6999999
2012,Turkmenistan,TKM,72.0064691,66478.8,4.12827442,144.329897,66758.5,3.19564718,11.1
2013,Turkmenistan,TKM,72.0064691,66946.4,4.12827442,198.659794,63791.5,0.22278331,10.2000001
2014,Turkmenistan,TKM,72.0064691,67414,4.12827442,209.690722,62189,-0.1556017,10.3
2015,Turkmenistan,TKM,72.0064691,67881.6,4.12827442,266.546392,63777.6,2.18923933,6.49999991
2016,Turkmenistan,TKM,72.0064691,68349.2,4.12827442,223.608247,64079.5,5.86056645,6.19999997
2017,Turkmenistan,TKM,72.0064691,68816.8,4.12827442,213.092784,63871.6,7.45695273,6.50000005
2018,Turkmenistan,TKM,72.0064691,69284.4,4.12827442,235.773196,63317.6,5.86695608,6.19999994
2019,Turkmenistan,TKM,72.0064691,69752,4.12827442,241.907217,63231.8,2.66538021,6.30000004
2020,Turkmenistan,TKM,72.0064691,70219.6,4.12827442,241.907217,63655,6.34948605,-3.4
2021,Turkmenistan,TKM,72.0064691,70687.2,4.12827442,241.907217,184111.2,9.6266431,5.77649568
1960,Tajikistan,TJK,30.9376965,19947,4.189375582,39.0869137,9018.2,12.3028868,6.64223211
1961,Tajikistan,TJK,30.7379251,18839,4.250476743,36.2666105,9171.7,6.62599255,8.12703354
1962,Tajikistan,TJK,30.7593598,17295,4.311577905,33.4463072,2686.2,1.32951868,4.65183468
1963,Tajikistan,TJK,30.5950272,15951,4.372679066,30.6260039,2167.3,1.22487959,3.05512984
1964,Tajikistan,TJK,31.4878537,14625,4.433780228,27.8057006,3135.37,1.1415973,5.75516999
1965,Tajikistan,TJK,30.6378965,13271.8,4.494881389,24.9853974,2508.62,1.7319214,-10.009699
1966,Tajikistan,TJK,31.673621,11918.6,4.555982551,22.1650941,2240.2,2.1454101,4.08761888
1967,Tajikistan,TJK,31.673621,10565.4,4.617083712,29.3447908,2513.44,1.9689955,2.997942425
1968,Tajikistan,TJK,31.6593312,9212.2,4.678184874,26.5244875,2765.715,2.8257492,1.90826597
1969,Tajikistan,TJK,31.9376965,7859,4.739286035,23.7041843,2544.59,3.964388,1.91032003
1970,Tajikistan,TJK,31.7379251,6505.8,4.800387197,21.883881,2200.97,6.6382538,1.89511165
1971,Tajikistan,TJK,32.7593598,5152.6,4.861488358,20.0635777,2150.05,7.48118012,7.53244855
1972,Tajikistan,TJK,32.5950272,11305.9186,4.92258952,20.2432745,2133.81,7.97636194,-1.203189
1973,Tajikistan,TJK,32.4878537,25894.6337,4.983690681,202.4229712,2175.1,7.71716561,7.04064315
1974,Tajikistan,TJK,32.6378965,25643.3488,5.044791843,36.2666105,2597.02,13.9915489,-1.5714975
1975,Tajikistan,TJK,32.673621,25472.064,5.105893004,33.4463072,2233.95,11.5675361,0.67548346
1976,Tajikistan,TJK,32.673621,25160.7791,5.166994166,37.6260039,2567.02,21.4952521,4.4634216
1977,Tajikistan,TJK,32.6593312,249249.4942,5.228095327,31.8057006,2736.79375,12.1856307,2.57599213
1978,Tajikistan,TJK,31.9376965,24638.2093,5.289196489,34.9853974,3015.431667,11.3834371,-1.1953833
1979,Tajikistan,TJK,32.7379251,24446.9244,5.35029765,22.1650941,2939.6375,11.746737,3.11780036
1980,Tajikistan,TJK,32.7593598,24201.6395,5.411398812,29.3447908,2991.05938,8.44871249,-0.4765363
1981,Tajikistan,TJK,32.5950272,23960.3547,5.472499973,24.52448755,3165.265212,7.67484873,6.33359037
1982,Tajikistan,TJK,32.4878537,23713.0698,5.533601135,33.4463072,3270.357463,15.935831,1.45647071
1983,Tajikistan,TJK,32.6378965,23471.7849,5.594702296,37.6260039,3375.449714,9.57369626,4.39853618
1984,Tajikistan,TJK,31.673621,23370.5,5.655803458,44.9671159,3480.541965,9.36424301,3.01697344
1985,Tajikistan,TJK,31.673621,23175.88177,5.716904619,51.51787408,3448.16875,4.69170563,4.40574139
1986,Tajikistan,TJK,31.6593312,23004.59687,5.778005781,58.06863225,2889.59063,6.17627591,3.49999987
1987,Tajikistan,TJK,32.1239071,22833.31197,5.839106942,64.61939043,2351.0125,14.1584558,-1.2
1988,Tajikistan,TJK,31.9138156,22662.02707,5.900208104,71.1701486,2742.43438,9.55103167,13.9000011
1989,Tajikistan,TJK,31.7037241,22490.74217,5.961309265,77.72090678,1963.85625,6.31463787,-6.5000007
1990,Tajikistan,TJK,32.4936326,22319.45727,6.022410427,84.27166495,3018.2,7.57592583,-0.5999996
1991,Tajikistan,TJK,33.2835411,22148.17237,6.083511588,90.82242313,5171.7,11.6396861,-7.0999991
1992,Tajikistan,TJK,32.0734496,35727,6.14461275,97.3731813,7686.2,10.0201836,-29.000001
1993,Tajikistan,TJK,32.4592741,34301,6.20891683,87.456847,5167.3,15.8421115,-16.4
1994,Tajikistan,TJK,31.9376965,32875,6.07316376,82.3529412,3035.37,22.5644955,-21.299998
1995,Tajikistan,TJK,32.7379251,31449,6.03029437,82.9383886,2508.62,3.46496322,-12.416322
1996,Tajikistan,TJK,32.7593598,30023,5.79451272,76.5721332,2240.2,6.21764889,-16.699998
1997,Tajikistan,TJK,32.5950272,28597,5.79451272,63.0419236,2513.44,6.71676844,1.68067414
1998,Tajikistan,TJK,32.4878537,27171,5.60160046,47.0306122,2765.715,7.54291373,5.31286766
1999,Tajikistan,TJK,32.6378965,25745,5.60160046,53.5204082,2544.59,6.90845035,3.69955072
2000,Tajikistan,TJK,32.673621,24319,5.60160046,61.3520408,2200.97,3.17900228,8.3243245
2001,Tajikistan,TJK,32.673621,22893,5.59445556,25.4533844,2150.05,38.5918895,9.58083618
2002,Tajikistan,TJK,32.6593312,20035,5.58016576,40.9792318,2133.81,12.2499848,10.8000038
2003,Tajikistan,TJK,32.8379537,22162,5.58731066,22.6677749,2175.1,16.3034912,10.9999991
2004,Tajikistan,TJK,33.2237782,21150,5.55873107,25.0482391,2597.02,7.14196509,10.2999989
2005,Tajikistan,TJK,33.380966,19947,5.4086882,26.4984016,2471.2,7.09193244,6.69999852
2006,Tajikistan,TJK,33.8310946,18839,5.26579023,35.1937721,2686.5,10.0108652,7.00000321
2007,Tajikistan,TJK,33.7882252,17295,5.33009431,26.1966086,3267.8,13.1491247,7.80000012
2008,Tajikistan,TJK,33.7739354,15951,5.29436982,21.0338866,3041.06,20.4705219,7.89999827
2009,Tajikistan,TJK,34.0054301,14721.4,5.36867677,22.1272824,2405.15,6.44823481,3.90000115
2010,Tajikistan,TJK,33.978994,16416.4,5.33652472,29.59278351,2446.9,6.44531441,6.49999909
2011,Tajikistan,TJK,33.9582738,18111.4,5.3100886,26.55571852,2564.2,12.431549,7.4000006
2012,Tajikistan,TJK,33.9311232,19806.4,5.27722206,29.15923369,3015.2,5.83116601,7.49999946
2013,Tajikistan,TJK,34.156902,21501.4,5.49728494,21.4917208,3195.1,5.00964645,7.39999975
2014,Tajikistan,TJK,34.6735262,23196.4,5.76571124,21.0681955,4583.6,6.10442765,6.70000069
2015,Tajikistan,TJK,34.900209,24891.4,5.97161179,21.9879947,4904.8,5.7145595,6.01930332
2016,Tajikistan,TJK,35.1278911,26586.4,6.16759133,21.5326752,5496.7,6.00458082,6.9
2017,Tajikistan,TJK,35.3562937,28281.4,6.03717847,37.7215897,6757.7,3.76836783,7.1
2018,Tajikistan,TJK,35.3887168,29976.4,6.04798617,54.718823,8097.3,3.95888847,7.6
2019,Tajikistan,TJK,35.4362706,31671.4,6.08257079,91.934743,8965.7,7.70413768,7.4
2020,Tajikistan,TJK,35.4204193,33366.4,6.04798617,96.747117,9328.8,2.13503774,4.4
2021,Tajikistan,TJK,35.4276245,35061.4,6.03789898,90.364821,5905.278125,3.52839358,9.4