Year,Country_Name,Country_Code,Agricultural irrigated land (% of total agricultural land),Agricultural land (% of land area),"Agricultural machinery, tractors",Agricultural raw materials exports (% of merchandise exports),Agricultural raw materials imports (% of merchandise imports),"Annual freshwater withdrawals, agriculture (% of total freshwater withdrawal)",Child employment in agriculture (% of economically active children ages 7-14),Employment in agriculture (% of total employment) (modeled ILO estimate),"Employment in agriculture, female (% of female employment) (modeled ILO estimate)","Employment in agriculture, male (% of male employment) (modeled ILO estimate)",Arable land (% of land area),Fertilizer consumption (kilograms per hectare of arable land),CO2 emissions (kt),Total greenhouse gas emissions (% change from 1990),"Inflation, consumer prices (annual %)",GDP growth (annual %),Average precipitation in depth (mm per year),"Droughts, floods, extreme temperatures (% of population, average 1990-2009)",Human capital index (HCI) (scale 0-1)
1960,India,IND,..,..,..,..,..,..,..,..,..,..,..,..,..,..,1.77987785,..,..,..,..
1961,India,IND,..,58.84319536,31016,..,..,..,..,..,..,..,52.4036473,2.17128994,..,..,1.69521294,3.72274253,1083,..,..
1962,India,IND,..,59.35779415,35000,9.257298841,9.242249308,..,..,..,..,..,52.7043344,2.88576899,..,..,3.63221497,2.93112774,1083,..,..
1963,India,IND,..,59.24747493,40000,8.252923511,8.603457071,..,..,..,..,..,52.9633155,3.45399124,..,..,2.94616136,5.99435326,1083,..,..
1964,India,IND,..,59.43515214,44000,7.990264648,8.383790138,..,..,..,..,..,53.0514363,4.90198565,..,..,13.3552612,7.45295012,1083,..,..
1965,India,IND,..,59.59154982,48000,7.711348153,7.394065716,..,..,..,..,..,53.2142245,4.95904333,..,..,9.47475859,-2.6357701,1083,..,..
1966,India,IND,..,59.71027751,54012,7.598749187,7.546464871,..,..,..,..,..,53.3400153,6.93990794,..,..,10.8018484,-0.0553288,1083,..,..
1967,India,IND,..,59.80344344,66000,6.771777821,7.324467768,..,..,..,..,..,53.7402588,9.63199399,..,..,13.0622025,7.82596303,1083,..,..
1968,India,IND,..,59.99078431,78000,5.701651654,7.117123898,..,..,..,..,..,53.8374608,10.9996314,..,..,3.23741243,3.38792918,1083,..,..
1969,India,IND,..,59.79839835,90000,5.677221025,8.875219597,..,..,..,..,..,53.8061812,12.3893584,..,..,-0.5841366,6.5397003,1083,..,..
1970,India,IND,..,59.88584652,100000,5.556493684,9.207277055,..,..,..,..,..,54.0026033,14.054559,..,..,5.09226162,5.15722974,1083,..,..
1971,India,IND,..,59.80680683,143000,5.413517092,8.625123349,..,..,..,..,..,53.7321866,16.6303613,..,..,3.07993868,1.64293038,1083,..,..
1972,India,IND,..,59.85019457,170000,5.826782631,8.665130818,..,..,..,..,..,53.8768125,17.2792878,..,..,6.44209746,-0.5533013,1083,..,..
1973,India,IND,..,60.12094753,184293,5.07891775,4.890866767,..,..,..,..,..,54.1653914,17.6256178,..,..,16.940816,3.29552114,1083,..,..
1974,India,IND,..,60.29954359,203351,5.959476056,1.942384026,..,..,..,..,..,54.3190983,15.9336475,..,..,28.5987341,1.18533626,1083,..,..
1975,India,IND,..,60.43811529,227668,3.978774927,2.542802904,93,..,..,..,..,54.4324446,21.5882549,..,..,5.7484303,9.14991202,1083,..,..
1976,India,IND,..,60.42298003,250884,4.175673414,3.003358344,93.2060153,..,..,..,..,54.5061029,21.0839396,..,..,-7.6339476,1.66310364,1083,..,..
1977,India,IND,..,60.40347236,294313,3.032555779,8.798452376,93.4001091,..,..,..,..,54.5067756,26.5076299,..,..,8.30747009,7.25476459,1083,..,..
1978,India,IND,..,60.74014779,334138,2.853656617,5.441364065,93.5832872,..,..,..,..,54.9036557,31.4324396,..,..,2.52304876,5.71253209,1083,..,..
1979,India,IND,..,60.73611172,378714,3.681184633,3.493392765,93.7564451,..,..,..,..,54.9726052,32.2612026,..,..,6.27568337,-5.2381827,1083,..,..
1980,India,IND,..,60.63251928,382869,4.99806594,1.741334868,93.9203833,..,..,..,..,54.7741651,33.9727609,..,..,11.3460735,6.73582153,1083,..,..
1981,India,IND,..,60.67590702,417769,4.119368054,2.521702284,94.0758189,..,..,..,..,54.7936728,37.3489982,..,..,13.1125469,6.00620363,1083,..,..
1982,India,IND,..,60.80035248,461567,3.437193435,..,94.2233967,..,..,..,..,54.90601,35.9304363,..,..,7.89074279,3.47573324,1083,..,..
1983,India,IND,..,60.69642371,502581,3.521329859,2.903893688,94.3636978,..,..,..,..,54.7331318,40.7756311,..,..,11.8680813,7.2888929,1083,..,..
1984,India,IND,..,61.0293994,553555,2.678959429,3.076247866,94.4972476,..,..,..,..,55.0311282,48.8907089,..,..,8.31890712,3.82073786,1083,..,..
1985,India,IND,..,60.99172942,607773,2.838065918,3.422505143,94.6245218,..,..,..,..,55.0048937,52.9864253,..,..,5.55642423,5.25429922,1083,..,..
1986,India,IND,..,60.94195124,648932,3.504372219,3.618060895,94.0968313,..,..,..,..,54.9608333,58.8559994,..,..,8.72972073,4.77656417,1083,..,..
1987,India,IND,..,61.06000626,697568,2.789864176,4.023251744,93.5705393,..,..,..,..,54.8922201,51.1179192,..,..,8.80112581,3.96535564,1083,..,..
1988,India,IND,..,60.90798099,750935,1.97400603,4.52579324,93.0456405,..,..,..,..,54.7788739,66.0964708,..,..,9.38347186,9.62778292,1083,..,..
1989,India,IND,..,61.04588001,925365,2.140529509,3.91700699,92.5221292,..,..,..,..,54.983368,69.210771,..,..,7.07428003,5.94734333,1083,..,..
1990,India,IND,..,61.01628218,988070,4.050730741,3.990425576,92,..,..,..,..,54.9776503,73.5230241,563575.4,..,8.9712325,5.53345456,1083,..,..
1991,India,IND,..,61.07446884,1063012,2.007664016,3.119527812,91.9380088,..,63.50056,76.42886,59.2198,54.8844843,77.9993198,607224,4.02880174,13.8702462,1.05683143,1083,..,..
1992,India,IND,..,60.97995755,1136160,1.595791889,3.686855826,91.8786393,..,63.11409,76.16771,58.77035,54.7243869,74.7016644,626293.3,7.13931035,11.787817,5.48239602,1083,..,..
1993,India,IND,..,61.00585566,1195013,1.971955088,3.37983358,91.8217287,..,62.70322,75.86033,58.29943,54.6840263,76.1767372,651351.1,9.68421573,6.32689049,4.75077622,1083,..,..
1994,India,IND,..,60.97524881,1257630,1.192329034,4.341088785,91.7671273,..,62.17806,75.47938,57.69278,54.6635096,83.4558929,685903,13.9585075,10.2479356,6.65892407,1083,..,..
1995,India,IND,..,60.85887548,1354864,1.294169639,3.963111632,91.7146974,..,61.75559,75.29556,57.16608,54.4569974,85.7028553,737856.4,19.038241,10.2248862,7.57449184,1083,..,..
1996,India,IND,..,60.73913877,1502000,2.53330323,3.128303887,91.664312,..,61.43129,75.16219,56.75264,54.1590009,89.0423288,774070.2,23.1708,8.97715234,7.54952225,1083,..,..
1997,India,IND,..,60.87098369,1650000,2.004065612,3.351700448,91.6158537,..,61.08086,75.05875,56.29282,54.3527323,100.172561,819268.8,26.9693794,7.16425212,4.04982085,1083,..,..
1998,India,IND,..,60.83499541,1797000,1.656051057,2.937407052,91.569214,..,60.68718,74.88384,55.79622,54.2881552,104.067952,836269.9,27.5047521,13.230839,6.18441582,1083,..,..
1999,India,IND,..,60.88443725,1944000,1.418164661,3.154928184,91.5242926,..,60.10669,74.54871,55.10141,54.142184,112.17102,901325.2,40.9888086,4.66982038,8.84575556,1083,..,..
2000,India,IND,..,60.86896566,2091000,1.259280514,3.230103023,91.4809961,73.3,59.64473,74.36429,54.51308,54.1270487,103.786118,937858.4,35.8820305,4.00943591,3.84099116,1083,..,..
2001,India,IND,32.20730579,60.70483218,2238000,1.139468415,3.645494412,91.3503661,..,59.08598,73.80885,53.91356,53.9235636,108.182199,953537.3,35.1909289,3.77929312,4.82396626,1083,..,..
2002,India,IND,31.53300842,60.72938494,2385000,1.062795774,3.105814797,91.225879,..,58.44382,73.25214,53.19874,53.9595519,100.329055,985453.3,38.1961658,4.29715204,3.80397532,1083,..,..
2003,India,IND,30.7335963,60.62478348,2532900,1.07983395,3.044582797,91.1071113,..,57.7151,72.54777,52.41423,53.7466492,105.177204,1011770.9,42.4599463,3.805859,7.86038148,1083,..,..
2004,India,IND,31.63298683,60.66716221,..,1.203884513,2.583287729,90.9936777,..,56.75876,71.72401,51.35994,53.7069612,115.27151,1085666.9,50.668683,3.76725174,7.92293661,1083,..,..
2005,India,IND,32.86921377,60.58341377,..,1.267759317,1.971878817,90.8852268,69.35,55.99824,71.01849,50.52499,53.6272489,127.614592,1136466.4,52.623872,4.24634362,7.92343062,1083,..,..
2006,India,IND,33.81654864,60.50941918,..,1.717875054,1.6596515,90.7814373,..,55.09983,70.24514,49.64861,53.3642317,136.403922,1215205.2,60.934515,5.79652338,8.06073257,1083,..,..
2007,India,IND,34.93207883,60.4132262,..,1.98294426,1.723346837,90.682015,..,54.17196,69.38042,48.76536,53.1489747,142.835226,1336737.1,71.6923845,6.37288136,7.66081507,1083,..,..
2008,India,IND,34.65011098,60.45930465,..,1.735405893,1.466544545,90.58669,..,53.3906,68.61887,48.04472,53.1398935,153.349391,1424383,75.7794302,8.34926705,3.08669806,1083,..,..
2009,India,IND,35.34164871,60.56390611,..,1.289737668,1.496091246,90.4952141,..,52.47509,67.67727,47.20369,53.1160134,167.457296,1564881.1,87.0183522,10.8823529,7.86188883,1083,4.35610899,..
2010,India,IND,34.49237914,60.39741826,..,2.226258613,1.584634945,90.4073587,69.41,51.51537,66.7014,46.31529,52.8082632,179.035877,1659983,99.7630856,11.9893899,8.4975847,1083,..,..
2011,India,IND,35.39878666,60.43004315,..,2.481955129,1.568859929,90.4073587,..,49.25777,63.27568,44.57203,52.798173,180.748291,1756744,103.899617,8.91179337,5.241315,1083,..,..
2012,India,IND,36.32947752,60.42062566,..,4.096087344,1.635142174,90.4073587,56.45,47.00424,59.70126,42.86185,52.6525382,163.122022,1909442,116.444855,9.47899691,5.45638875,1083,..,..
2013,India,IND,36.78560696,60.43946065,..,2.829939,1.657867806,90.4073587,..,46.42778,59.11451,42.42514,52.6175589,156.495698,1972429.4,..,10.0178785,6.3861064,1083,..,..
2014,India,IND,37.89949257,60.44955082,..,2.170947842,1.787651616,90.4073587,..,45.7835,58.40867,41.9332,52.624622,163.498079,2147107,..,6.66565672,7.41022761,1083,..,..
2015,India,IND,38.05927369,60.43172485,..,1.773604652,1.849704099,90.4073587,..,45.15931,57.70898,41.46139,52.6078051,171.038213,2158023.2,..,4.90697344,7.99625379,1083,..,..
2016,India,IND,37.47675105,60.39909996,..,1.5373233,2.049439683,90.4073587,..,44.52136,56.95825,40.98172,52.5755165,166.003058,2195248.5,..,4.94821634,8.2563055,1083,..,..
2017,India,IND,38.30101211,60.2839388,..,1.514842546,1.791047767,90.4073587,..,43.93962,56.25889,40.55406,52.4336272,170.569145,2308804.4,..,3.32817338,6.79538342,1083,..,0.44
2018,India,IND,38.789308,60.24356466,..,1.569525754,1.704443809,90.4073587,..,43.32882,55.49442,40.10083,52.2932981,176.071313,2458175.9,..,3.93882647,6.45385135,1083,..,0.48479581
2019,India,IND,39.96421599,60.21981337,..,1.146454126,1.859421628,90.4073587,..,41.38738,53.13843,37.78393,52.2566928,186.456666,2423951.4,..,3.72950574,3.87143694,1083,..,..
2020,India,IND,42.2658231,60.04586286,..,1.336846823,1.630999421,90.4073587,..,44.30447,58.24064,40.07831,51.9468813,210.65738,2200836.3,..,6.62343678,-5.8310532,1083,..,0.4935109
2021,India,IND,42.26577835,60.04592643,..,1.469019953,1.645537185,..,..,43.95999,58.32362,39.61556,51.9468813,193.245041,..,..,5.13140747,9.05027791,..,..,..
1960,Bangladesh,BGD,..,..,..,..,..,..,..,..,..,..,..,..,..,..,..,..,..,..,..
1961,Bangladesh,BGD,..,72.8278405,750,..,..,..,..,..,..,..,66.1058616,2.61475886,..,..,..,6.05816083,2666,..,..
1962,Bangladesh,BGD,..,72.8047937,800,..,..,..,..,..,..,..,66.0444035,3.14063045,..,..,..,5.45303097,2666,..,..
1963,Bangladesh,BGD,..,72.8278405,850,..,..,..,..,..,..,..,66.1058616,5.69436374,..,..,..,-0.4558943,2666,..,..
1964,Bangladesh,BGD,..,73.135131,900,..,..,..,..,..,..,..,66.3747407,5.20833333,..,..,..,10.9527886,2666,..,..
1965,Bangladesh,BGD,..,74.0339556,950,..,..,..,..,..,..,..,67.4272106,6.17523072,..,..,..,1.60625823,2666,..,..
1966,Bangladesh,BGD,..,74.133825,1000,..,..,..,..,..,..,..,67.5885381,8.61559445,..,..,..,2.566812,2666,..,..
1967,Bangladesh,BGD,..,74.4795268,1100,..,..,..,..,..,..,..,67.9342398,10.8560443,..,..,..,-1.8758639,2666,..,..
1968,Bangladesh,BGD,..,74.279788,1300,..,..,..,..,..,..,..,67.8266882,12.2324159,..,..,..,9.48945402,2666,..,..
1969,Bangladesh,BGD,..,74.3258815,1500,..,..,..,..,..,..,..,67.6807252,14.7219069,..,..,..,1.22085791,2666,..,..
1970,Bangladesh,BGD,..,74.4948913,2072,..,..,..,..,..,..,..,67.8881463,16.2045943,..,..,..,5.61985229,2666,..,..
1971,Bangladesh,BGD,..,74.4795268,2270,..,..,..,..,..,..,..,67.8881463,12.9229377,..,..,..,-5.479483,2666,..,..
1972,Bangladesh,BGD,..,76.7534762,2470,..,..,..,..,..,..,..,70.1620957,19.9393409,..,..,..,-13.973729,2666,..,..
1973,Bangladesh,BGD,..,76.7381117,2660,..,..,..,..,..,..,..,70.1467312,19.9335232,..,..,..,3.3256802,2666,..,..
1974,Bangladesh,BGD,..,76.7381117,2860,..,..,..,..,..,..,..,70.1467312,14.1398533,..,..,..,9.5919563,2666,..,..
1975,Bangladesh,BGD,..,76.8533456,3050,..,..,..,..,..,..,..,70.2466006,23.5574147,..,..,..,-4.0882141,2666,..,..
1976,Bangladesh,BGD,..,76.8072521,3250,..,..,..,..,..,..,..,70.200507,26.630882,..,..,..,5.6613612,2666,..,..
1977,Bangladesh,BGD,..,76.7534762,3454,27.8522811,3.8206602,..,..,..,..,..,70.1467312,37.3375315,..,..,..,2.67305605,2666,..,..
1978,Bangladesh,BGD,..,76.7227472,3500,22.4349424,11.8946936,..,..,..,..,..,70.1006376,39.0367123,..,..,..,7.07383773,2666,..,..
1979,Bangladesh,BGD,..,76.6920181,3500,21.175908,5.27336364,..,..,..,..,..,70.0468618,44.6759158,..,..,..,4.8016346,2666,..,..
1980,Bangladesh,BGD,..,76.7227472,3500,18.6995519,5.92803914,..,..,..,..,..,70.0699086,45.6844644,..,..,..,0.81914187,2666,..,..
1981,Bangladesh,BGD,..,76.6766536,3350,16.4363359,6.92066023,..,..,..,..,..,69.9777214,43.9156878,..,..,..,7.2339437,2666,..,..
1982,Bangladesh,BGD,..,76.6536068,3200,15.6002802,5.34774085,..,..,..,..,..,69.9393101,50.6677285,..,..,..,2.13432784,2666,..,..
1983,Bangladesh,BGD,..,76.5460552,3075,15.4515334,7.32206113,..,..,..,..,..,69.8240762,59.7896358,..,..,..,3.8810464,2666,..,..
1984,Bangladesh,BGD,..,77.2835523,2950,15.2670326,6.86076089,..,..,..,..,..,70.5615733,63.3370713,..,..,..,4.80331002,2666,..,..
1985,Bangladesh,BGD,..,77.0300376,2800,13.2883309,5.15312949,..,..,..,..,..,70.3080587,59.0780157,..,..,..,3.34201465,2666,..,..
1986,Bangladesh,BGD,..,77.1375893,2700,13.3610275,3.95841585,..,..,..,..,..,70.3771991,67.3022596,..,..,..,4.17338256,2666,..,..
1987,Bangladesh,BGD,..,77.7060767,2580,8.60944878,3.69934149,..,..,..,..,..,70.9456864,76.4252301,..,..,9.87469609,3.77240185,2666,..,..
1988,Bangladesh,BGD,..,80.1029423,2450,..,..,..,..,..,..,..,73.2657294,81.4163783,..,..,7.41276596,2.41625686,2666,..,..
1989,Bangladesh,BGD,..,80.2258585,2300,6.75430604,3.94858082,..,..,..,..,..,73.3886456,94.9393908,..,..,6.04547976,2.83658213,2666,..,..
1990,Bangladesh,BGD,..,79.7879696,2180,6.8112306,5.37435947,..,..,..,..,..,72.6434662,98.733291,11523.73,..,6.12671847,5.62225816,2666,..,..
1991,Bangladesh,BGD,..,79.2809403,2050,5.42177823,4.25081458,..,..,64.02931,79.5303,59.69592,72.0980257,107.021843,10830.76,-0.0013283,6.35736412,3.48522782,2666,..,..
1992,Bangladesh,BGD,..,73.3579166,1925,4.74352797,3.85872353,..,..,63.93872,79.07222,59.67505,66.1365906,116.013707,11823.48,1.51895994,3.63407692,5.44268555,2666,..,..
1993,Bangladesh,BGD,..,72.5666436,1800,3.231173,4.80068282,..,..,63.72837,78.59502,59.49947,65.3453177,111.166588,12568.4,1.73634613,3.0148186,4.71156173,2666,..,..
1994,Bangladesh,BGD,..,71.8906046,1675,1.98514016,..,..,..,63.54171,78.13261,59.34647,64.592456,124.80578,13543.45,3.62577072,5.31374008,3.89012644,2666,..,..
1995,Bangladesh,BGD,..,72.0135208,1550,2.65108512,3.36796408,..,..,63.27062,77.61985,59.09417,64.561727,142.194193,16554.48,7.73993823,10.2978118,5.1212779,2666,..,..
1996,Bangladesh,BGD,..,71.6524545,1400,2.11066558,4.29358393,..,..,62.87864,77.06545,58.70021,64.2006607,147.244825,16825.3,9.71036568,2.37712903,4.52291922,2666,..,..
1997,Bangladesh,BGD,..,71.9443804,1300,2.63973737,5.31440865,..,..,62.42382,76.80988,58.13854,64.4541753,132.205006,18970.9,10.5802175,5.30560106,4.4898965,2666,..,..
1998,Bangladesh,BGD,..,72.4744565,1200,1.70431952,5.38826329,..,..,61.89855,76.5099,57.49128,64.9458401,138.455169,19249.5,1.9161622,8.40223796,5.17702687,2666,..,..
1999,Bangladesh,BGD,..,72.8739341,1080,..,..,..,..,61.38416,76.20115,56.86008,64.8075594,161.889521,20105.5,9.17288747,6.1066959,4.67015637,2666,..,..
2000,Bangladesh,BGD,..,72.2132596,1000,1.4488005,6.06528061,..,..,60.80127,75.84121,56.15447,64.1468848,158.107545,20686.7,7.3489182,2.20825621,5.29329472,2666,..,..
2001,Bangladesh,BGD,..,72.2363064,900,0.98627276,6.44575507,..,..,57.97989,72.77357,53.36789,63.7858185,174.590269,25634.5,12.6689954,2.00717374,5.07728778,2666,..,..
2002,Bangladesh,BGD,..,71.8521933,800,1.03320678,5.64804343,..,..,54.96515,69.36005,50.4333,63.4017055,188.639162,27284.2,13.5048524,3.33256493,3.83312394,2666,..,..
2003,Bangladesh,BGD,..,71.6601367,700,0.93583772,7.46485521,..,62.1,51.73496,65.52642,47.34864,63.2096489,160.266894,28629.8,15.5661334,5.66870773,4.7395674,2666,..,..
2004,Bangladesh,BGD,51.3461332,71.6217254,450,1.25773075,8.46970712,..,..,49.96922,66.90878,44.60115,62.5566567,170.671374,30527.5,16.3111266,7.58753639,5.23953291,2666,..,..
2005,Bangladesh,BGD,51.1223284,71.5295383,1555,1.71548601,7.34670877,..,..,48.07627,68.11424,41.7507,60.774372,197.748704,32710.8,19.2499444,7.04661816,6.53594494,2666,..,..
2006,Bangladesh,BGD,52.6185345,71.2913882,3000,1.6427684,7.01049512,..,..,48.07571,68.0929,41.69322,60.5362219,193.190102,35902.8,22.5875493,6.76526117,6.67190498,2666,..,..
2007,Bangladesh,BGD,..,71.1838365,..,3.12310343,7.83069524,..,..,47.8953,67.46606,41.46363,60.0445571,184.41108,37992.3,27.1030776,9.10698497,7.05859936,2666,..,..
2008,Bangladesh,BGD,..,71.0839671,..,1.53507157,7.35179947,87.8171174,..,47.7229,66.83134,41.24276,59.9446877,200.064078,41580.8,29.9907643,8.9019449,6.01378976,2666,..,..
2009,Bangladesh,BGD,..,71.0301913,..,1.54240916,6.48020321,87.8171174,..,47.53321,66.17445,41.01397,59.8909119,188.852873,44750,34.1165262,5.42347236,5.04512479,2666,4.58469426,..
2010,Bangladesh,BGD,..,70.99178,..,1.94860336,8.11112077,87.8171174,..,47.30638,65.40026,40.68963,59.8525006,212.963933,50487.6,40.0963675,8.12667639,5.57178819,2666,..,..
2011,Bangladesh,BGD,..,70.1236844,..,1.75354657,7.30561438,87.8171174,..,46.66772,62.58987,40.75957,58.984405,255.764522,54309.9,42.4593661,11.3951652,6.46437912,2666,..,..
2012,Bangladesh,BGD,..,70.0852731,..,1.39329759,7.58985882,87.8171174,..,45.91011,59.56461,40.77083,58.9229469,260.443286,58985.2,44.670962,6.21750422,6.52145878,2666,..,..
2013,Bangladesh,BGD,57.9111878,71.2760237,..,1.05136412,7.7812482,87.8171174,39.34,45.09919,56.40664,40.78071,58.984405,254.600156,62965.7,..,7.53040641,6.01360566,2666,..,..
2014,Bangladesh,BGD,57.9613734,71.5986787,..,..,..,87.8171174,..,44.38585,58.89369,38.70209,58.9152647,279.220237,66313.1,..,6.99163889,6.06105936,2666,..,..
2015,Bangladesh,BGD,57.7470999,72.4763002,..,0.74718252,6.41256931,87.8171174,..,43.54638,61.15647,36.47033,59.4010909,298.966406,73156.9,..,6.19428023,6.55263988,2666,..,..
2016,Bangladesh,BGD,57.6849728,73.1136975,..,..,..,87.8171174,..,42.66475,63.22787,34.19458,59.6466928,289.40227,81128.9,..,5.51352573,7.11347821,2666,..,..
2017,Bangladesh,BGD,57.8057655,73.4526389,..,..,..,87.8171174,..,40.5973,59.65691,32.04922,59.5938388,303.712747,87658,..,5.70207016,6.59025,2666,..,0.479
2018,Bangladesh,BGD,57.7172624,73.9594377,..,..,..,87.8171174,..,39.42393,58.71356,30.70818,59.7088423,318.466863,95944.6,..,5.5436214,7.31941263,2666,..,0.45855328
2019,Bangladesh,BGD,78.7783631,75.8392871,..,..,..,87.8171174,..,38.32538,57.71665,29.50812,61.2045786,316.021087,92645,..,5.5919964,7.88190673,2666,..,..
2020,Bangladesh,BGD,79.3614021,76.2694937,..,..,..,87.8171174,..,37.87102,56.72395,29.30038,61.4580933,320.9125,85493.1,..,5.69107475,3.44802563,2666,..,0.46403644
2021,Bangladesh,BGD,78.9034565,77.3450104,..,..,..,..,..,37.09001,56.00898,28.356,62.3031421,384.209618,..,..,5.54565431,6.93867912,..,..,..
1960,Bhutan,BTN,..,..,..,..,..,..,..,..,..,..,..,..,..,..,..,..,..,..,..
1961,Bhutan,BTN,..,7.72638743,..,..,..,..,..,..,..,..,2.14027353,..,..,..,..,..,2200,..,..
1962,Bhutan,BTN,..,7.7691929,..,..,..,..,..,..,..,..,2.14027353,..,..,..,..,..,2200,..,..
1963,Bhutan,BTN,..,7.7691929,..,..,..,..,..,..,..,..,2.14027353,..,..,..,..,..,2200,..,..
1964,Bhutan,BTN,..,7.81199837,..,..,..,..,..,..,..,..,2.14027353,..,..,..,..,..,2200,..,..
1965,Bhutan,BTN,..,7.83340111,..,..,..,..,..,..,..,..,2.14027353,..,..,..,..,..,2200,..,..
1966,Bhutan,BTN,..,7.87620658,..,..,..,..,..,..,..,..,2.14027353,..,..,..,..,..,2200,..,..
1967,Bhutan,BTN,..,7.87620658,..,..,..,..,..,..,..,..,2.14027353,..,..,..,..,..,2200,..,..
1968,Bhutan,BTN,..,7.91901205,..,..,..,..,..,..,..,..,2.14027353,..,..,..,..,..,2200,..,..
1969,Bhutan,BTN,..,7.91901205,..,..,..,..,..,..,..,..,2.14027353,..,..,..,..,..,2200,..,..
1970,Bhutan,BTN,..,8.17584487,..,..,..,..,..,..,..,..,2.35430088,..,..,..,..,..,2200,..,..
1971,Bhutan,BTN,..,8.17584487,..,..,..,..,..,..,..,..,2.35430088,..,..,..,..,..,2200,..,..
1972,Bhutan,BTN,..,8.24005308,..,..,..,..,..,..,..,..,2.35430088,..,..,..,..,..,2200,..,..
1973,Bhutan,BTN,..,8.24005308,..,..,..,..,..,..,..,..,2.35430088,..,..,..,..,..,2200,..,..
1974,Bhutan,BTN,..,8.38987223,..,..,..,..,..,..,..,..,2.46131456,0.72173913,..,..,..,..,2200,..,..
1975,Bhutan,BTN,..,8.38987223,..,..,..,..,..,..,..,..,2.46131456,0.86956522,..,..,..,..,2200,..,..
1976,Bhutan,BTN,..,8.51828864,..,..,..,..,..,..,..,..,2.56832823,0.83333333,..,..,..,..,2200,..,..
1977,Bhutan,BTN,..,8.56109411,..,..,..,..,..,..,..,..,2.56832823,0.83333333,..,..,..,..,2200,..,..
1978,Bhutan,BTN,..,8.56109411,..,..,..,..,..,..,..,..,2.56832823,0.83333333,..,..,..,..,2200,..,..
1979,Bhutan,BTN,..,8.66810778,..,..,..,..,..,..,..,..,2.67534191,0.8,..,..,..,..,2200,..,..
1980,Bhutan,BTN,..,8.83932967,..,..,..,..,..,..,..,..,2.78235559,0.76923077,..,..,..,..,2200,..,..
1981,Bhutan,BTN,..,8.83932967,..,..,..,..,..,..,..,..,2.78235559,0.76923077,..,..,9.97237569,15.1222948,2200,..,..
1982,Bhutan,BTN,..,8.94634334,..,..,..,..,..,..,..,..,2.88936926,0.74074074,..,..,9.84677217,3.43977385,2200,..,..
1983,Bhutan,BTN,..,9.20317617,..,..,..,..,..,..,..,..,3.10339661,1.71724138,..,..,18.0577788,10.4310159,2200,..,..
1984,Bhutan,BTN,..,9.50281446,10,..,..,..,..,..,..,..,3.10339661,1.31034483,..,..,7.03770661,4.55665899,2200,..,..
1985,Bhutan,BTN,..,9.50281446,15,..,..,..,..,..,..,..,3.10339661,0.68965517,..,..,1.88201231,4.028533,2200,..,..
1986,Bhutan,BTN,..,9.50281446,20,..,..,..,..,..,..,..,3.10339661,0.68965517,..,..,9.96447602,11.3921976,2200,..,..
1987,Bhutan,BTN,..,9.9522719,30,..,..,..,..,..,..,..,3.12479935,0.68493151,..,..,6.33177193,29.0543239,2200,..,..
1988,Bhutan,BTN,..,9.84525822,30,..,..,..,..,..,..,..,3.01778567,0.70921986,..,..,10.0967138,4.76737302,2200,..,..
1989,Bhutan,BTN,..,9.67403634,40,..,..,..,..,..,..,..,2.84656379,0.7518797,..,..,8.77983719,7.35556732,2200,..,..
1990,Bhutan,BTN,..,9.71684181,50,..,..,..,..,..,..,..,2.88936926,0.74074074,185.39,..,10.0118383,10.3831179,2200,..,..
1991,Bhutan,BTN,..,10.7869786,60,..,..,..,..,72.75647,86.41636,64.11411,2.88936926,0.74074074,182.8,-0.2521108,12.2751729,-0.4078757,2200,..,..
1992,Bhutan,BTN,..,10.7869786,70,..,..,..,..,72.59756,86.29089,63.87798,2.88936926,0.74074074,205.11,24.5936875,15.9752174,4.60089143,2200,..,..
1993,Bhutan,BTN,..,10.8083813,80,7.16419838,1.26448134,..,..,72.42074,86.16454,63.60912,2.910772,0.73529412,177.05,24.3810152,11.1980166,1.98636659,2200,..,..
1994,Bhutan,BTN,..,12.7889447,90,7.50901964,1.38125954,..,..,72.21796,85.99767,63.32463,3.51758794,0.71428571,205.9,26.1319856,7.00995355,4.95150367,2200,..,..
1995,Bhutan,BTN,..,14.1959799,100,..,..,..,..,71.96616,85.81693,62.97075,3.66834171,0.68493151,246.03,28.7268475,9.48754837,7.07411728,2200,..,..
1996,Bhutan,BTN,..,14.321608,106,..,..,..,..,71.73155,85.57541,62.59708,3.79396985,0.66225166,296.56,29.9802454,8.79001382,5.56517286,2200,..,..
1997,Bhutan,BTN,..,14.3718593,110,..,..,..,..,71.46673,85.32442,62.15564,3.84422111,0.65359477,381.17,24.7597697,6.50548718,5.37383852,2200,..,..
1998,Bhutan,BTN,..,14.3718593,112,2.97515185,1.88765751,..,..,71.09617,85.00333,61.5717,3.84422111,..,377.42,51.786627,10.58559,5.91403084,2200,..,..
1999,Bhutan,BTN,..,14.3718593,115,1.66494018,1.29142106,..,..,70.62279,84.68256,60.93739,3.84422111,..,378.53,201.338665,6.77699394,7.98397202,2200,..,..
2000,Bhutan,BTN,..,14.5226131,117,..,..,..,..,70.01189,84.24736,60.26035,3.86934673,..,388.84,80.4299548,4.01212081,3.35506829,2200,..,..
2001,Bhutan,BTN,..,14.5477387,117,..,..,..,..,69.19609,83.64851,59.3162,3.89447236,..,379.31,26.0385046,3.41478946,8.34895448,2200,..,..
2002,Bhutan,BTN,..,14.5728643,117,..,..,..,..,68.35542,82.87847,58.33891,3.91959799,6.94230769,411.52,33.3913479,2.45535714,10.9922818,2200,..,..
2003,Bhutan,BTN,..,14.6482412,120,..,..,..,..,67.55691,82.12152,57.40704,3.94472362,6.99363057,377.73,14.6413039,2.57230862,7.82330236,2200,..,..
2004,Bhutan,BTN,..,15.3212477,123,..,..,..,..,66.57928,81.08306,56.40606,4.14513209,7.39873418,313.51,26.8015934,4.10593698,6.00874224,2200,..,..
2005,Bhutan,BTN,..,15.5573629,126,0.24183541,0.58281894,..,..,65.28504,79.68752,54.93168,4.38124721,7.55688623,395.42,26.3815092,5.31263105,7.28724935,2200,..,..
2006,Bhutan,BTN,..,15.1376026,129,0.13638573,0.62250892,..,..,62.80341,74.9308,54.02312,3.96935751,7.62062128,397.5,53.6041954,5.00045438,6.9997381,2200,..,..
2007,Bhutan,BTN,..,14.7703125,132,0.05143883,1.20651977,..,..,61.11551,72.85651,52.5317,3.57583231,9.00953778,398.71,81.7416135,5.15611139,18.3608541,2200,..,..
2008,Bhutan,BTN,..,13.6763124,136,0.01435803,2.19907022,94.0828402,..,59.17395,70.52699,50.79608,2.62350133,11.66,422.62,49.0681742,8.32716049,4.79946061,2200,..,..
2009,Bhutan,BTN,..,13.6422069,..,0.11424974,2.61946325,94.0828402,..,56.90686,67.92722,48.71303,2.62350133,23.96,396.83,71.1465194,4.36112219,6.74833375,2200,0.0135011,..
2010,Bhutan,BTN,..,13.6422069,..,0.20205768,2.23790874,94.0828402,..,54.70019,65.54346,46.68202,2.63924233,10.0397614,493.18,151.565618,7.03638316,11.945896,2200,..,..
2011,Bhutan,BTN,..,13.6317129,..,0.23191949,3.03255643,94.0828402,..,55.87181,66.47619,48.21809,2.62874833,13.0538922,744.2,154.628323,8.8489857,7.98261704,2200,..,..
2012,Bhutan,BTN,..,13.6317129,..,0.76258731,2.52390278,94.0828402,..,58.10787,70.66333,47.79999,2.62874833,10.688024,833.9,157.54646,10.9196569,5.11840086,2200,..,..
2013,Bhutan,BTN,..,13.6317129,..,..,..,94.0828402,..,56.34438,66.21495,49.55283,2.62874833,12.1550898,908,..,7.00666667,2.11997263,2200,..,..
2014,Bhutan,BTN,..,13.789123,..,..,..,94.0828402,..,56.65078,66.78947,50.06062,2.62874833,14.2006986,1012.4,..,8.27106094,5.77649568,2200,..,..
2015,Bhutan,BTN,..,13.789123,..,..,..,94.0828402,..,57.98573,66.35647,52.42448,2.62874833,14.7605788,1042.1,..,4.54814395,6.64223211,2200,..,..
2016,Bhutan,BTN,..,13.6063339,..,..,..,94.0828402,..,57.43616,66.02015,51.72551,2.6216443,14.0691,1228.4,..,3.21988689,8.12703354,2200,..,..
2017,Bhutan,BTN,..,13.4490352,..,..,..,94.0828402,..,56.83745,65.17014,51.29497,2.47745386,13.2728042,1309.5,..,4.95508367,4.65183468,2200,..,..
2018,Bhutan,BTN,..,13.4504457,..,..,..,94.0828402,..,56.53483,64.72337,51.09367,2.46460409,21.2839362,1454.3,..,2.72396386,3.05512984,2200,..,..
2019,Bhutan,BTN,..,13.4504457,..,..,..,94.0828402,..,56.13877,64.06132,50.85302,2.46460409,14.3121277,1433,..,2.72643037,5.75516999,2200,..,..
2020,Bhutan,BTN,..,13.4504457,..,..,..,94.0828402,..,56.46911,63.94624,51.5161,2.46460409,14.3121277,1035.2,..,5.62936523,-10.009699,2200,..,0.47529703
2021,Bhutan,BTN,..,13.4504457,..,..,..,..,..,55.99296,63.55023,50.95979,2.46460409,14.3121277,..,..,7.34681441,4.08761888,..,..,..
1960,Nepal,NPL,..,..,..,..,..,..,..,..,..,..,..,..,..,..,..,..,..,..,..
1961,Nepal,NPL,..,24.8461539,180,..,..,..,..,..,..,..,12.6293706,0.08250277,..,..,..,1.90826597,1500,..,..
1962,Nepal,NPL,..,24.8461539,190,..,..,..,..,..,..,..,12.6293706,0.23864895,..,..,..,1.91032003,1500,..,..
1963,Nepal,NPL,..,24.9160839,200,..,..,..,..,..,..,..,12.6993007,0.34746696,..,..,..,1.89511165,1500,..,..
1964,Nepal,NPL,..,24.8461539,215,..,..,..,..,..,..,..,12.6293706,0.56589147,..,..,..,7.53244855,1500,..,..
1965,Nepal,NPL,..,24.8461539,225,..,..,..,..,..,..,..,12.6293706,0.61406423,..,..,8.47186933,-1.203189,1500,..,..
1966,Nepal,NPL,..,24.8461539,320,..,..,..,..,..,..,..,12.6293706,1.88261351,..,..,14.3889707,7.04064315,1500,..,..
1967,Nepal,NPL,..,24.9440559,420,..,..,..,..,..,..,..,12.7202797,1.45684442,..,..,-2.8083314,-1.5714975,1500,..,..
1968,Nepal,NPL,..,24.9440559,510,..,..,..,..,..,..,..,12.7202797,1.68719076,..,..,1.17986997,0.67548346,1500,..,..
1969,Nepal,NPL,..,24.9440559,610,..,..,..,..,..,..,..,12.7202797,2.47663551,..,..,4.05759162,4.4634216,1500,..,..
1970,Nepal,NPL,..,25.8881119,794,..,..,..,..,..,..,..,13.6573427,2.74398362,..,..,15.2372785,2.57599213,1500,..,..
1971,Nepal,NPL,..,25.8881119,800,..,..,..,..,..,..,..,13.6573427,4.07987711,..,..,-1.9995038,-1.1953833,1500,..,..
1972,Nepal,NPL,..,26.7272727,900,..,..,..,..,..,..,..,14.3706294,5.16593674,..,..,8.3890239,3.11780036,1500,..,..
1973,Nepal,NPL,..,27.6433566,1070,..,..,..,..,..,..,..,15.1398601,5.71501155,..,..,11.4297725,-0.4765363,1500,..,..
1974,Nepal,NPL,..,27.9300699,1240,38.3216047,..,..,..,..,..,..,15.2447552,5.82385321,..,..,19.806338,6.33359037,1500,..,..
1975,Nepal,NPL,..,28.034965,1925,39.7816223,0.00116575,..,..,..,..,..,15.3496504,5.58542141,..,..,7.58598521,1.45647071,1500,..,..
1976,Nepal,NPL,..,28.1468532,1580,37.196145,0.02529612,..,..,..,..,..,15.4545455,6.73167421,..,..,-3.1132357,4.39853618,1500,..,..
1977,Nepal,NPL,..,28.2517483,1740,45.2992829,0.4214738,..,..,..,..,..,15.5594406,7.85033708,..,..,9.89885284,3.01697344,1500,..,..
1978,Nepal,NPL,..,28.3566434,1910,42.2837047,0.16320861,..,..,..,..,..,15.6643357,8.278125,..,..,7.34609125,4.40574139,1500,..,..
1979,Nepal,NPL,..,28.4615385,2080,35.0376488,0.49057207,..,..,..,..,..,15.7692308,9.29223947,..,..,3.56545379,2.3688778,1500,..,..
1980,Nepal,NPL,..,28.5664336,2514,48.0159326,0.59219888,..,..,..,..,..,15.8741259,9.8938326,..,..,14.6845028,-2.3193942,1500,..,..
1981,Nepal,NPL,..,28.6923077,2420,35.7643347,0.61882658,..,..,..,..,..,16,10.4125874,..,..,11.1448567,8.34197414,1500,..,..
1982,Nepal,NPL,..,28.7174825,2591,25.6375537,0.7744126,..,..,..,..,..,16.0251748,13.6494153,..,..,11.6985466,3.77937465,1500,..,..
1983,Nepal,NPL,..,28.7426573,2690,10.3926593,1.20874786,..,..,..,..,..,16.0503497,16.2513071,..,..,12.3772381,-2.9774059,1500,..,..
1984,Nepal,NPL,..,28.7678322,2770,5.0137919,2.37455389,..,..,..,..,..,16.0755245,18.9137811,..,..,2.84578496,9.68113002,1500,..,..
1985,Nepal,NPL,..,28.786014,2783,5.60315758,2.20502052,..,..,..,..,..,16.1006993,18.8538047,..,..,8.05264127,6.14490524,1500,..,..
1986,Nepal,NPL,..,28.8951049,3200,5.14675537,1.57843362,..,..,..,..,..,16.1258741,19.5364267,..,..,18.9989496,4.56565055,1500,..,..
1987,Nepal,NPL,..,28.9132867,3600,1.53486226,1.93551154,..,..,..,..,..,16.151049,23.4590405,..,..,10.750328,1.69561827,1500,..,..
1988,Nepal,NPL,..,28.9384615,4018,..,..,..,..,..,..,..,16.1762238,24.3346879,..,..,8.98300338,7.69680871,1500,..,..
1989,Nepal,NPL,..,28.9566434,4500,..,..,..,..,..,..,..,16.2013986,29.0840815,..,..,8.84688691,4.32964793,1500,..,..
1990,Nepal,NPL,..,28.9818182,5000,..,..,..,..,..,..,..,16.2265734,31.2497845,938.8,..,8.23970038,4.63503635,1500,..,..
1991,Nepal,NPL,..,29,5542,..,..,..,..,78.00863,88.56582,74.57062,16.2517483,34.8967298,1182.25,-0.4033906,15.5574529,6.3681504,1500,..,..
1992,Nepal,NPL,..,29.0783217,7800,..,..,..,..,77.77025,88.2723,74.32173,16.2748252,35.2352512,1234.16,-3.9288553,17.1495236,4.10640662,1500,..,..
1993,Nepal,NPL,..,29.1566434,10100,..,..,..,..,77.42207,87.88092,73.95103,16.2979021,31.5523899,1409.8,1.01575208,7.50539419,3.84985003,1500,..,..
1994,Nepal,NPL,..,29.234965,12400,1.42489993,5.31960723,..,..,76.81976,87.35143,73.28358,16.320979,39.8474656,1744.5,2.09190228,8.34928673,8.21600269,1500,..,..
1995,Nepal,NPL,..,29.3132867,14700,..,..,..,..,76.25037,86.80701,72.65954,16.3440559,40.090279,1895.7,7.11423778,7.62296951,3.46845189,1500,..,..
1996,Nepal,NPL,..,29.3916084,17000,..,..,..,..,75.45702,86.15211,71.80836,16.3671329,44.0076907,1959.1,8.43972378,9.22046662,5.32828418,1500,..,..
1997,Nepal,NPL,..,29.4699301,19350,..,..,..,..,74.50378,85.4087,70.77061,16.3902098,45.8656882,2191.37,9.74713136,4.00998861,5.04861255,1500,..,..
1998,Nepal,NPL,..,29.5482518,21700,0.49737122,3.96019787,..,..,73.51395,84.65369,69.68144,16.4132867,51.7660091,2315.7,12.2961543,11.2444678,3.01638948,1500,..,..
1999,Nepal,NPL,..,29.6265734,24000,0.45038801,4.36020359,..,87.01,72.40076,83.93533,68.40228,16.4363636,40.1633765,3123.7,64.5514355,7.45111261,4.41257328,1500,..,..
2000,Nepal,NPL,..,29.641437,26300,0.45467134,3.53235395,97.4640523,..,72.62073,84.4976,68.45626,16.4213464,31.0169924,3221,24.3474871,2.47882021,6.19999998,1500,..,..
2001,Nepal,NPL,..,29.7104988,28971,..,..,97.5975504,..,72.73709,84.99026,68.42118,16.4283223,30.796603,3464.6,18.8126455,2.68830374,4.79989214,1500,..,..
2002,Nepal,NPL,..,29.584932,28971,..,..,97.7314148,..,73.21564,85.57927,68.82713,16.2888036,16.6809422,2786.7,15.1167873,3.02939949,0.12014318,1500,..,..
2003,Nepal,NPL,..,29.4872689,28971,1.07556173,4.61646488,97.8656469,..,73.19426,85.87803,68.64166,16.149285,5.0587473,3021.8,18.8256519,5.70700932,3.94503776,1500,..,..
2004,Nepal,NPL,..,29.4244855,28971,..,..,98.0002482,..,72.93393,85.93475,68.19812,16.044646,8.02521739,2809.6,21.1380584,2.84181131,4.68260325,1500,..,..
2005,Nepal,NPL,..,29.3128706,28971,..,..,98.1352202,..,72.59587,85.90218,67.65344,15.9051273,3.56885965,3188.6,22.8684837,6.83633266,3.47918105,1500,..,..
2006,Nepal,NPL,24.6356034,29.1942797,28971,..,..,98.1352202,..,70.80859,84.46841,65.56568,15.7656087,5.6420354,2616.1,23.2012407,6.92033581,3.36461478,1500,..,..
2007,Nepal,NPL,25.4200672,29.061737,28971,..,..,98.1352202,..,69.95444,83.90386,64.43544,15.62609,1.60892857,2693.6,24.4653014,2.26921924,3.41156028,1500,..,..
2008,Nepal,NPL,25.867052,28.9640739,28971,..,..,98.1352202,88.97,69.22106,83.4873,63.41449,15.4865713,1.36486487,2994.9,27.5027601,9.90783005,6.10463914,1500,..,..
2009,Nepal,NPL,26.4009662,28.8803628,..,2.89477585,1.86752975,98.1352202,..,68.53783,82.81675,62.55391,15.3470527,18.2027273,3882.8,30.6187836,11.0948237,4.53307873,1500,0.70379651,..
2010,Nepal,NPL,29.7382453,28.7826997,..,3.93230677,1.81518389,98.1352202,..,67.88451,82.1817,61.69677,15.207534,25.0866973,4640.9,30.3378321,9.32650411,4.81641465,1500,..,..
2011,Nepal,NPL,..,28.7868853,..,3.2360404,2.20914819,98.1352202,..,67.33437,81.63177,60.9278,15.0868504,35.8098673,5199.2,32.0189926,9.22707546,3.4218087,1500,..,..
2012,Nepal,NPL,..,28.74782,..,3.30687371,1.32694184,98.1352202,..,66.74541,81.06435,60.03674,14.7750262,26.6949953,5997.8,62.2827193,9.4598098,4.67014192,1500,..,..
2013,Nepal,NPL,..,28.74782,..,2.99250868,1.91001099,98.1352202,..,66.22589,80.48091,59.19734,14.7471224,54.4451277,6087.8,..,9.04016312,3.52515317,1500,..,..
2014,Nepal,NPL,..,28.74782,..,2.92074631,1.49148242,98.1352202,..,65.54438,79.67459,58.21792,14.7450297,67.3703458,7132.2,..,8.3641547,6.01148284,1500,..,..
2015,Nepal,NPL,..,28.74782,..,3.10809706,1.75959228,98.1352202,..,64.96552,78.92591,57.40266,14.7450297,74.1141411,7186.2,..,7.86890896,3.97605327,1500,..,..
2016,Nepal,NPL,..,28.74782,..,3.30688355,1.6291766,98.1352202,..,64.5966,78.48713,56.7564,14.7450297,74.6811657,10735.7,..,8.79034332,0.43311372,1500,..,..
2017,Nepal,NPL,..,28.74782,..,3.80171089,1.37721164,98.1352202,..,63.79161,77.60982,55.76159,14.7450297,65.5132706,13265.3,..,3.62709611,8.97727935,1500,..,0.49
2018,Nepal,NPL,..,28.74782,..,4.3075513,1.24397524,98.1352202,..,63.01181,76.7892,54.84132,14.7450297,86.8841368,15139.4,..,4.06116339,7.62237611,1500,..,0.4981924
2019,Nepal,NPL,..,28.74782,..,1.91009652,1.24628127,98.1352202,..,62.3022,75.94336,54.11421,14.7450297,87.2752803,13860.5,..,5.56868548,6.65705543,1500,..,..
2020,Nepal,NPL,..,28.74782,..,1.92959649,1.17400819,98.1352202,..,62.80514,75.60818,55.18147,14.7450297,101.977442,14949.2,..,5.05236655,-2.3696206,1500,..,0.50460178
2021,Nepal,NPL,..,28.74782,..,0.98979239,1.17099819,..,..,62.26386,75.12128,54.59086,14.7450297,97.8385201,..,..,4.08791046,4.83814961,..,..,..
1960,Sri Lanka,LKA,..,..,..,..,..,..,..,..,..,..,..,..,..,..,-1.5446768,..,..,..,..
1961,Sri Lanka,LKA,..,27.4756817,4636,..,..,..,..,..,..,..,9.48811992,140.487395,..,..,1.13444364,..,1712,..,..
1962,Sri Lanka,LKA,..,27.220539,5748,18.8879693,1.62656047,..,..,..,..,..,9.20108436,165.454073,..,..,1.50357995,3.81801956,1712,..,..
1963,Sri Lanka,LKA,..,32.8496253,6620,17.8033266,1.11406159,..,..,..,..,..,12.6295647,114.631313,..,..,2.2729054,2.51674859,1712,..,..
1964,Sri Lanka,LKA,..,33.5353213,7011,19.1296091,0.92761622,..,..,..,..,..,12.5976718,106.978481,..,..,3.19564718,3.90643384,1712,..,..
1965,Sri Lanka,LKA,..,34.3804816,7293,18.7545446,2.09975457,..,..,..,..,..,12.6455111,121.58512,..,..,0.22278331,2.53695354,1712,..,..
1966,Sri Lanka,LKA,..,35.1618562,8500,22.7451303,1.17131098,..,..,..,..,..,12.6295647,131.859849,..,..,-0.1556017,5.02378944,1712,..,..
1967,Sri Lanka,LKA,..,35.9591772,9700,20.1974094,1.838749,..,..,..,..,..,12.6295647,128.431818,..,..,2.18923933,6.43902442,1712,..,..
1968,Sri Lanka,LKA,..,37.0116409,11000,19.7068442,1.15751072,..,..,..,..,..,12.7252432,163.261905,..,..,5.86056645,5.80109417,1712,..,..
1969,Sri Lanka,LKA,..,37.1232658,12200,26.0188071,1.38052515,..,..,..,..,..,12.8209217,110.696517,..,..,7.45695273,7.71681966,1712,..,..
1970,Sri Lanka,LKA,..,37.2029979,13500,25.2814439,2.10747103,..,..,..,..,..,12.9166002,129.753086,..,..,5.86695608,3.84662986,1712,..,..
1971,Sri Lanka,LKA,..,37.2986765,14776,19.5051125,1.88995222,..,..,..,..,..,13.0122787,137.622549,..,..,2.66538021,1.3069054,1712,..,..
1972,Sri Lanka,LKA,..,37.394355,15000,16.8466232,3.09047071,..,..,..,..,..,13.1079573,121.532847,..,..,6.34948605,-0.4104799,1712,..,..
1973,Sri Lanka,LKA,..,37.4900335,15200,..,..,..,..,..,..,..,13.2036358,134.178744,..,..,9.6266431,7.05739894,1712,..,..
1974,Sri Lanka,LKA,..,37.585712,15400,26.1133679,3.18134868,..,..,..,..,..,13.2993143,122.182254,..,..,12.3028868,3.84583084,1712,..,..
1975,Sri Lanka,LKA,..,37.6176049,15576,19.5080278,2.35553269,..,..,..,..,..,13.554457,85.1764706,..,..,6.62599255,6.12623316,1712,..,..
1976,Sri Lanka,LKA,..,38.2076224,15826,21.2009823,2.5973136,..,..,..,..,..,14.351778,105.888889,..,..,1.32951868,3.33510669,1712,..,..
1977,Sri Lanka,LKA,..,38.7976399,16256,16.7789416,2.06451026,..,..,..,..,..,15.149099,117.473684,..,..,1.22487959,5.10059026,1712,..,..
1978,Sri Lanka,LKA,..,39.3717111,18755,17.975217,2.71605026,..,..,..,..,..,15.94642,135.886,..,..,12.1415973,5.65383686,1712,..,..
1979,Sri Lanka,LKA,..,37.6176049,17560,19.3877306,2.15850048,..,..,..,..,..,14.351778,162.126667,..,..,10.7319214,6.40355693,1712,..,..
1980,Sri Lanka,LKA,..,37.4581407,16350,18.1328432,1.06357576,..,..,..,..,..,14.351778,183.626667,..,..,26.1454101,5.84602652,1712,..,..
1981,Sri Lanka,LKA,..,37.4581407,15170,17.1359828,1.55448136,..,..,..,..,..,14.351778,163.777778,..,..,17.9689955,5.69952477,1712,..,..
1982,Sri Lanka,LKA,..,36.6129804,13976,13.8984212,1.49730969,..,..,..,..,..,13.666082,181.6021,..,..,10.8257492,4.1414957,1712,..,..
1983,Sri Lanka,LKA,..,36.8043374,..,13.8030321,1.50447487,..,..,..,..,..,13.857439,192.998849,..,..,13.964388,4.81399097,1712,..,..
1984,Sri Lanka,LKA,..,36.8521767,..,10.7785242,1.48791915,..,..,..,..,..,13.9052783,218.918578,..,..,16.6382538,5.09914656,1712,..,..
1985,Sri Lanka,LKA,..,36.9159624,..,9.77743965,1.87921823,..,..,..,..,..,13.969064,222.234018,..,..,1.48118012,4.99940637,1712,..,..
1986,Sri Lanka,LKA,..,37.091373,..,10.4660229,1.62116606,..,..,..,..,..,14.1444746,217.772266,..,..,7.97636194,4.35554692,1712,..,..
1987,Sri Lanka,LKA,..,37.2189444,..,9.92155524,1.85674687,..,..,..,..,..,14.2720459,227.606704,..,..,7.71716561,1.72561069,1712,..,..
1988,Sri Lanka,LKA,..,37.2667836,..,..,..,..,..,..,..,..,14.3198852,230.623608,..,..,13.9915489,2.47268504,1712,..,..
1989,Sri Lanka,LKA,..,37.3146229,..,..,..,..,..,..,..,..,14.3677245,233.90788,..,..,11.5675361,2.29930141,1712,..,..
1990,Sri Lanka,LKA,..,37.2986765,..,5.79941326,1.80366867,96.0077797,..,..,..,..,14.351778,190.158889,3839.2,..,21.4952521,6.39999531,1712,..,..
1991,Sri Lanka,LKA,..,37.3465157,..,4.89973798,2.15426985,95.5211252,..,41.39018,47.78241,38.47334,14.3996173,196.228129,3985.4,-1.8932024,12.1856307,4.59998724,1712,..,..
1992,Sri Lanka,LKA,..,37.3784086,..,4.19065114,1.98626962,95.0647575,..,43.62432,49.21708,41.29516,14.4315101,202.935912,5248.3,4.14952523,11.3834371,4.39999125,1712,..,..
1993,Sri Lanka,LKA,..,36.9956945,..,3.42518085,2.05935723,94.6359347,..,38.65693,45.00916,35.9179,14.0328496,239.207955,5091.3,5.67109158,11.746737,6.90006325,1712,..,..
1994,Sri Lanka,LKA,..,37.0435337,..,3.5195463,1.93752119,94.232236,..,42.5686,46.842,40.69903,14.0806889,246.322763,5766.8,12.9247098,8.44871249,5.59991873,1712,..,..
1995,Sri Lanka,LKA,..,37.091373,..,..,..,93.8515163,..,37.3464,42.16144,35.28755,14.1285282,232.554176,5816.4,12.1448437,7.67484873,5.50008523,1712,..,..
1996,Sri Lanka,LKA,..,37.1073194,..,..,..,93.4918678,..,35.12961,42.09691,32.16043,14.1444746,238.072153,8355.3,17.9695508,15.935831,3.79996721,1712,..,..
1997,Sri Lanka,LKA,..,37.1232658,..,..,..,93.1515885,..,37.3602,45.42965,33.89186,14.160421,235.037162,8340.5,16.361933,9.57369626,6.4053997,1712,..,..
1998,Sri Lanka,LKA,..,37.1392123,..,..,..,92.8291545,..,41.578,49.73323,37.43354,14.1763674,262.006749,8608.4,11.8457491,9.36424301,4.69842305,1712,..,..
1999,Sri Lanka,LKA,..,37.394355,..,1.9531828,1.19504459,92.523198,71.23,39.72838,48.11032,35.85794,14.4315101,286.277348,9496.3,24.1448581,4.69170563,4.3005405,1712,..,..
2000,Sri Lanka,LKA,..,37.4740871,..,1.57620003,1.17930818,92.2324874,..,37.77545,46.12791,33.8847,14.5909743,269.907104,10928.9,26.6802891,6.17627591,6.00003316,1712,..,..
2001,Sri Lanka,LKA,..,37.4900335,..,1.60222135,1.27982706,91.2624407,..,36.23913,44.66728,32.3047,14.6069208,266.449782,10848,22.0371037,14.1584558,-1.5454081,1712,..,..
2002,Sri Lanka,LKA,..,37.5697656,..,1.66594881,1.16550135,90.2904636,..,34.47553,42.42503,30.81426,14.9258492,304.563034,11385.2,27.6722673,9.55103167,3.96467569,1712,..,..
2003,Sri Lanka,LKA,..,37.7930155,..,2.04210023,1.11195499,89.3165503,..,34.00087,41.4681,30.58399,15.149099,259.184211,12412.3,33.7416537,6.31463787,5.94026908,1712,..,..
2004,Sri Lanka,LKA,..,36.8362303,..,2.20160765,1.11735436,88.3406951,..,34.96015,45.89401,29.95072,14.351778,287.01,12868.2,38.1681749,7.57592583,5.44506128,1712,..,..
2005,Sri Lanka,LKA,..,40.0255143,..,2.05066414,1.21804266,87.362892,..,32.9585,38.8936,30.22438,17.541062,255.291818,13984.4,48.1217157,11.6396861,6.24174804,1712,..,..
2006,Sri Lanka,LKA,..,38.9092649,..,2.66937438,1.38731875,87.362892,..,33.11446,39.61668,30.07566,16.743741,291.315238,12404.9,41.4660363,10.0201836,7.6682919,1712,..,..
2007,Sri Lanka,LKA,..,38.1119439,..,2.28976275,1.35869584,87.362892,..,32.4586,38.84206,29.46121,15.94642,288.525,13591.6,51.0900315,15.8421115,6.79682612,1712,..,..
2008,Sri Lanka,LKA,..,41.38096,..,3.07038384,1.1045967,87.362892,..,33.47089,39.59444,30.58338,19.135704,311.711667,12810.7,52.1029271,22.5644955,5.95008815,1712,..,..
2009,Sri Lanka,LKA,..,41.6201563,..,3.2331341,1.16498393,87.362892,66.49,33.48904,38.23579,31.2456,19.135704,257.928333,12291.4,51.4040645,3.46496322,3.53891205,1712,2.16003003,..
2010,Sri Lanka,LKA,..,41.7796205,..,3.94970269,1.44854472,87.362892,..,30.94336,36.42466,28.33946,19.135704,229.0475,13071.8,58.5031193,6.21764889,8.01596737,1712,..,..
2011,Sri Lanka,LKA,..,43.5337267,..,4.02305887,1.56727691,87.362892,..,30.7775,36.14542,28.19604,20.730346,257.314615,15410.2,62.2655026,6.71676844,8.66948301,1712,..,..
2012,Sri Lanka,LKA,..,43.6931909,..,3.32521533,1.34324458,87.362892,..,30.99421,33.85008,29.67098,20.730346,205.855246,17440.4,65.688144,7.54291373,8.63218138,1712,..,..
2013,Sri Lanka,LKA,..,43.6931909,..,2.62270902,1.26345274,87.362892,..,30.21959,33.77465,28.4446,20.730346,173.985685,14448.4,..,6.90845035,4.05174633,1712,..,..
2014,Sri Lanka,LKA,..,43.6931909,..,2.62939128,1.57866202,87.362892,..,28.8697,32.2688,27.1971,20.730346,261.314592,17458.3,..,3.17900228,6.3779789,1712,..,..
2015,Sri Lanka,LKA,..,44.2699498,..,2.48209037,2.19026337,87.362892,..,28.66242,32.32442,26.81908,21.0039908,190.095054,19240.9,..,3.76836783,4.20595548,1712,..,..
2016,Sri Lanka,LKA,..,44.4315189,..,2.65803496,2.14111216,87.362892,..,27.10065,30.41202,25.42975,21.1655599,126.26284,23167.6,..,3.95888847,5.05362489,1712,..,..
2017,Sri Lanka,LKA,..,44.5963195,..,2.62378605,1.82219031,87.362892,..,26.07381,29.34933,24.36174,21.3303605,117.393622,23140.5,..,7.70413768,6.46068127,1712,..,0.584
2018,Sri Lanka,LKA,..,45.4480797,..,..,..,87.362892,..,25.49788,28.43464,24.06644,22.1712143,138.296326,21690.3,..,2.13503774,2.31008426,1712,..,0.59337056
2019,Sri Lanka,LKA,..,45.4472947,..,2.49306107,1.87978914,87.362892,..,25.32719,26.23068,24.87438,22.1706062,190.038968,23427.9,..,3.52839358,-0.2204839,1712,..,..
2020,Sri Lanka,LKA,..,45.4574846,..,3.35227055,2.1608932,87.362892,..,26.17664,26.77166,25.87732,22.1791141,298.954337,21846.3,..,6.15394508,-4.6245158,1712,..,0.5983243
2021,Sri Lanka,LKA,..,45.4574846,..,3.022934,2.32881912,..,..,25.74604,26.62674,25.3023,22.1791141,153.938229,..,..,7.01478071,3.51222456,..,..,..
1960,Pakistan,PAK,..,..,..,..,..,..,..,..,..,..,..,..,..,..,6.94736842,..,..,..,..
1961,Pakistan,PAK,..,46.3496264,5500,..,..,..,..,..,..,..,39.6689498,1.37864617,..,..,1.64041995,5.98734642,494,..,..
1962,Pakistan,PAK,..,46.4923205,6000,60.9464115,4.54222695,..,..,..,..,..,39.8116438,1.34799609,..,..,-0.5164622,4.48285863,494,..,..
1963,Pakistan,PAK,..,46.5442092,6500,61.6498539,3.6026303,..,..,..,..,..,39.8635326,2.22095672,..,..,1.45648845,8.68883152,494,..,..
1964,Pakistan,PAK,..,47.1603881,7000,56.7737418,2.973011,..,..,..,..,..,40.4732254,2.73,..,..,4.17958688,7.56975745,494,..,..
1965,Pakistan,PAK,..,48.3019406,7388,52.820849,2.80248238,..,..,..,..,..,41.6147779,2.19722569,..,..,5.56863548,10.4193658,494,..,..
1966,Pakistan,PAK,..,48.53544,9733,41.0804493,3.18528698,..,..,..,..,..,41.8482773,3.466646,..,..,7.2276216,5.7899518,494,..,..
1967,Pakistan,PAK,..,48.6067871,12500,42.8357327,2.91290593,..,..,..,..,..,41.9131382,5.89384092,..,..,6.81139963,5.4006126,494,..,..
1968,Pakistan,PAK,..,48.2176214,15500,41.5203871,3.166474,..,..,..,..,..,41.5239726,7.64289285,..,..,0.17062735,7.23322093,494,..,..
1969,Pakistan,PAK,..,46.3107098,18909,32.9999,3.47540363,..,..,..,..,..,39.617061,10.0756713,..,..,3.1869868,5.50789963,494,..,..
1970,Pakistan,PAK,..,46.5247509,21000,30.2223808,3.63882628,..,..,..,..,..,39.824616,9.22495114,..,..,5.34984091,11.3534617,494,..,..
1971,Pakistan,PAK,..,46.0318078,24000,29.4451968,3.5209367,..,..,..,..,..,39.3316729,12.5972296,..,..,4.73069148,0.46837255,494,..,..
1972,Pakistan,PAK,..,46.0577522,30513,27.1808507,4.5124045,..,..,..,..,..,39.3576173,14.3823336,..,..,5.18323765,0.81340641,494,..,..
1973,Pakistan,PAK,..,47.218763,30165,10.3799304,6.05406009,..,..,..,..,..,40.4861976,12.9022749,..,..,23.070084,7.06426386,494,..,..
1974,Pakistan,PAK,..,46.3625986,33000,11.7296156,3.86333585,..,..,..,..,..,39.6040888,13.937111,..,..,26.6630349,3.54019171,494,..,..
1975,Pakistan,PAK,..,46.7452781,35714,18.7518431,3.49694947,97.9995827,..,..,..,..,39.9543379,17.9821753,..,..,20.9045095,4.21141563,494,..,..
1976,Pakistan,PAK,..,46.3262765,48600,7.80026912,3.56524685,97.9227399,..,..,..,..,39.5132835,20.7255417,..,..,7.15832373,5.15618959,494,..,..
1977,Pakistan,PAK,..,46.5870174,61500,6.06896887,4.38821999,97.8460367,..,..,..,..,39.7467829,23.4073107,..,..,10.1329677,3.94769829,494,..,..
1978,Pakistan,PAK,..,47.2408157,74500,12.3260846,3.75655361,97.7694726,..,..,..,..,40.4083645,28.2439807,..,..,6.13869267,8.04853362,494,..,..
1979,Pakistan,PAK,..,47.1370382,87400,6.67851087,4.03847123,97.6930473,..,..,..,..,40.2786426,31.7715942,..,..,8.26704698,3.75843557,494,..,..
1980,Pakistan,PAK,..,48.5367372,97373,20.4724295,3.35863768,97.6167604,..,..,..,..,41.6536945,33.6251635,..,..,11.9382309,10.215704,494,..,..
1981,Pakistan,PAK,..,47.3536737,112000,13.583252,4.36149777,97.5406115,..,..,..,..,40.4213367,34.6548781,..,..,11.8799136,7.92076357,494,..,..
1982,Pakistan,PAK,..,49.9545973,122004,13.935825,3.92194183,97.4646003,..,..,..,..,42.9898298,37.5472541,..,..,5.90352878,6.5374868,494,..,..
1983,Pakistan,PAK,..,47.2304379,139652,12.4934043,3.87716848,97.3887263,..,..,..,..,40.2656704,38.7982603,..,..,6.3620335,6.77837834,494,..,..
1984,Pakistan,PAK,..,48.6457036,157300,7.13261725,5.47648544,97.3129893,..,..,..,..,41.6536945,39.0222361,..,..,6.08716674,5.06520561,494,..,..
1985,Pakistan,PAK,..,48.150166,156633,18.00624,3.51525163,97.2373888,..,..,..,..,41.134807,47.6543362,..,..,5.61483922,7.5921147,494,..,..
1986,Pakistan,PAK,..,46.1433686,178400,16.4893529,3.97279779,97.1619244,..,..,..,..,39.0981735,59.2302588,..,..,3.50641425,5.50165366,494,..,..
1987,Pakistan,PAK,..,47.5703093,200000,13.1956041,4.6482881,97.0865959,..,..,..,..,40.5380863,55.0464,..,..,4.68121855,6.45234303,494,..,..
1988,Pakistan,PAK,..,45.8527916,222000,..,..,97.0114028,..,..,..,..,38.8127854,58.1347594,..,..,8.83793702,7.62527878,494,..,..
1989,Pakistan,PAK,..,46.5182648,244000,..,..,96.9363447,..,..,..,..,39.4484226,62.1547188,..,..,7.84426474,4.95976889,494,..,..
1990,Pakistan,PAK,..,45.6698838,265728,10.2119078,3.96668546,96.8614214,..,..,..,..,38.5922582,63.6268571,59026,..,9.05213155,4.45858682,494,..,..
1991,Pakistan,PAK,..,45.7529058,271903,8.71571849,3.78795966,96.7866324,..,45.74823,66.57684,42.54502,38.6700913,63.20473,60305.8,1.97584908,11.7912703,5.06156776,494,..,..
1992,Pakistan,PAK,..,45.8955998,283300,9.65019471,3.73698584,96.4821922,..,46.33315,69.11543,42.82292,38.8127854,71.7886029,66977.8,7.32716823,9.50904146,7.70589782,494,..,..
1993,Pakistan,PAK,..,46.3755708,268080,4.42169406,3.5561021,96.1849518,..,44.77079,66.77823,41.23557,39.2149232,71.0148859,73749.6,12.9190356,9.97366476,1.7577477,494,..,..
1994,Pakistan,PAK,..,46.4274595,252861,..,..,95.8946585,..,45.84324,68.0874,42.17474,39.2408676,72.1841984,76253.6,16.5236329,12.3681944,3.73741555,494,..,..
1995,Pakistan,PAK,..,46.7336032,304992,3.85436261,5.4579772,95.6110718,..,43.59222,64.15284,40.65855,39.5132835,82.5713723,82737.2,21.2682756,12.3435785,4.96260915,494,..,..
1996,Pakistan,PAK,..,46.9229971,320417,6.10057443,3.60557861,95.3339618,..,43.51512,63.92083,40.35619,39.6300332,78.9845827,85821.1,27.5449179,10.3738086,4.84658128,494,..,..
1997,Pakistan,PAK,..,47.5677148,331000,2.72685407,3.91146059,95.0631091,..,42.02898,62.78253,38.5473,40.2656704,85.6744201,89362.5,30.9210202,11.3754929,1.01439601,494,..,..
1998,Pakistan,PAK,..,47.6857617,342000,1.9115588,4.71530107,94.7983043,..,43.4833,64.45668,39.85975,40.3694479,82.8422879,90190.3,35.7902138,6.22800415,2.5502343,494,..,..
1999,Pakistan,PAK,..,47.6805729,352600,1.4245469,5.96675449,94.5393469,..,43.40865,64.31044,39.68896,40.3564757,91.0639666,98773.3,42.9210276,4.14263718,3.66013274,494,..,..
2000,Pakistan,PAK,..,47.6053342,326595,2.95094177,3.23284315,94.2860454,..,45.07853,66.663,41.12195,40.2656704,95.441366,98374.1,43.3479871,4.36666451,4.26008801,494,..,..
2001,Pakistan,PAK,48.1986368,47.9607721,338884,1.71051983,4.28481038,94.2915942,..,44.58785,66.25584,40.59858,40.6029473,94.071885,99837.2,45.2233194,3.14826145,3.55441822,494,..,..
2002,Pakistan,PAK,48.9100965,47.8466169,351173,1.47106067,4.81567832,94.2970622,..,42.09145,64.48636,37.95326,40.4991698,97.7847534,102325.6,48.9146451,3.29034473,2.50833772,494,..,..
2003,Pakistan,PAK,49.454427,47.7921337,363462,1.58511723,4.94067766,94.302451,..,42.09074,64.38903,37.75086,40.4602532,100.970183,105663.5,57.4112565,2.9141347,5.77703399,494,..,..
2004,Pakistan,PAK,52.1015397,46.7582503,401663,1.62068094,5.84309968,94.3077625,..,43.06945,67.32521,38.10025,39.3187007,110.778951,118313.6,68.6536402,7.44462469,7.54686002,494,..,..
2005,Pakistan,PAK,52.7735298,46.6544728,420702,1.49482388,4.19161278,94.3129982,..,43.06812,67.20973,37.88452,39.1370901,123.48346,121608.7,73.359888,9.06332737,6.51877807,494,..,..
2006,Pakistan,PAK,52.9403625,46.875,439741,1.2376106,3.58942982,94.1989831,..,43.38858,69.05677,37.60548,39.3316729,125.730244,132304.2,82.064442,7.9210844,5.89898444,494,..,..
2007,Pakistan,PAK,53.0364035,46.7167393,..,1.22334149,4.99883516,94.0868526,..,43.63163,72.67656,36.93922,39.1500623,118.423492,145813.3,94.9622712,7.59868441,4.83281728,494,..,..
2008,Pakistan,PAK,54.6257752,45.8086862,..,1.40698078,4.93930469,93.9765604,75.37,44.69526,75.2582,37.42822,38.2160648,119.15465,140734.2,96.2036494,20.2861211,1.70140547,494,..,..
2009,Pakistan,PAK,55.0500326,45.7619863,..,1.85078538,4.25063159,93.9765604,..,43.30769,72.79584,35.84553,38.164176,144.32743,145337.9,98.9230042,13.6477651,2.83165852,494,1.05534239,..
2010,Pakistan,PAK,55.7289598,45.7165836,..,1.94621897,4.91347959,93.9765604,..,43.38948,73.97683,35.25698,38.1252594,138.30473,140378.6,105.462753,12.9388706,1.60668863,494,..,..
2011,Pakistan,PAK,51.9534728,46.6168535,..,2.5811739,4.93661409,93.9765604,76.05,43.49343,74.36498,35.12906,39.0462848,128.522691,141690,110.068034,11.9160927,2.74840592,494,..,..
2012,Pakistan,PAK,51.465491,46.7816003,..,3.23493429,3.83039531,93.9765604,..,42.86045,74.71426,34.19201,39.2278954,117.362368,143819.1,114.275183,9.68235186,3.50703342,494,..,..
2013,Pakistan,PAK,49.4487321,47.0630967,..,2.30259907,4.26171215,93.9765604,..,42.23656,75.03858,33.27252,39.5262557,135.702593,145993.7,..,7.69215612,4.39645663,494,..,..
2014,Pakistan,PAK,51.2799294,47.0267746,..,1.98166084,3.85904156,93.9765604,..,42.2332,73.0829,33.57353,39.4873391,134.854139,154235.2,..,7.18938403,4.67470798,494,..,..
2015,Pakistan,PAK,51.7374731,46.9619137,..,1.38178946,4.12355508,93.9765604,..,41.01001,71.9286,32.31285,39.4354504,137.471579,164152.3,..,2.52932817,4.73114748,494,..,..
2016,Pakistan,PAK,50.5544382,47.7298672,..,1.02075867,3.82521289,93.9765604,..,42.26807,73.05043,33.74626,40.2008095,144.562956,181113.3,..,3.76511916,5.52673585,494,..,..
2017,Pakistan,PAK,49.2392509,48.0009859,..,1.09517783,3.77589867,93.9765604,..,39.84668,69.76899,31.7091,40.4861976,152.478949,198738.8,..,4.08537368,4.43262591,494,..,0.389
2018,Pakistan,PAK,50.4153925,47.936125,..,0.95378925,4.35926091,93.9765604,..,37.41642,66.21482,29.74373,40.4213367,152.72362,186865.6,..,5.07805726,6.15170261,494,..,0.39930359
2019,Pakistan,PAK,50.4638934,47.1188771,..,1.02071328,4.15829847,93.9765604,..,38.3089,69.29086,29.44068,39.6040888,152.385293,184096.3,..,10.5783618,2.49763693,494,..,..
2020,Pakistan,PAK,52.6645427,47.6377646,..,1.8500119,5.89654022,93.9765604,..,38.34922,68.43459,29.86324,40.1229763,155.150889,184111.2,..,9.73999314,-1.2740874,494,..,0.40607002
2021,Pakistan,PAK,..,47.0929328,..,1.86180932,5.18430938,..,..,37.54371,67.94631,28.68074,39.5781445,157.286693,..,..,9.49621056,6.48708677,..,..,..
1960,Maldives,MDV,..,..,..,..,..,..,..,..,..,..,..,..,..,..,..,..,..,..,..
1961,Maldives,MDV,..,16.6666667,..,..,..,..,..,..,..,..,6.66666667,..,..,..,..,..,1972,..,..
1962,Maldives,MDV,..,16.6666667,..,..,..,..,..,..,..,..,6.66666667,..,..,..,..,..,1972,..,..
1963,Maldives,MDV,..,16.6666667,..,..,..,..,..,..,..,..,6.66666667,..,..,..,..,..,1972,..,..
1964,Maldives,MDV,..,16.6666667,..,..,..,..,..,..,..,..,6.66666667,..,..,..,..,..,1972,..,..
1965,Maldives,MDV,..,16.6666667,..,..,..,..,..,..,..,..,6.66666667,..,..,..,..,..,1972,..,..
1966,Maldives,MDV,..,16.6666667,..,..,..,..,..,..,..,..,6.66666667,..,..,..,..,..,1972,..,..
1967,Maldives,MDV,..,16.6666667,..,..,..,..,..,..,..,..,6.66666667,..,..,..,..,..,1972,..,..
1968,Maldives,MDV,..,16.6666667,..,..,..,..,..,..,..,..,6.66666667,..,..,..,..,..,1972,..,..
1969,Maldives,MDV,..,16.6666667,..,..,..,..,..,..,..,..,6.66666667,..,..,..,..,..,1972,..,..
1970,Maldives,MDV,..,16.6666667,..,..,..,..,..,..,..,..,6.66666667,..,..,..,..,..,1972,..,..
1971,Maldives,MDV,..,20,..,..,..,..,..,..,..,..,10,..,..,..,..,..,1972,..,..
1972,Maldives,MDV,..,20,..,..,..,..,..,..,..,..,10,..,..,..,..,..,1972,..,..
1973,Maldives,MDV,..,23.3333333,..,..,..,..,..,..,..,..,10,..,..,..,..,..,1972,..,..
1974,Maldives,MDV,..,23.3333333,..,..,..,..,..,..,..,..,10,..,..,..,..,..,1972,..,..
1975,Maldives,MDV,..,23.3333333,..,..,..,..,..,..,..,..,10,..,..,..,..,..,1972,..,..
1976,Maldives,MDV,..,23.3333333,..,..,..,..,..,..,..,..,10,..,..,..,..,..,1972,..,..
1977,Maldives,MDV,..,23.3333333,..,..,..,..,..,..,..,..,10,..,..,..,..,..,1972,..,..
1978,Maldives,MDV,..,23.3333333,..,..,..,..,..,..,..,..,10,..,..,..,..,..,1972,..,..
1979,Maldives,MDV,..,23.3333333,..,..,..,..,..,..,..,..,10,..,..,..,..,..,1972,..,..
1980,Maldives,MDV,..,23.3333333,..,..,..,..,..,..,..,..,10,..,..,..,..,..,1972,..,..
1981,Maldives,MDV,..,23.3333333,..,..,..,..,..,..,..,..,10,..,..,..,..,..,1972,..,..
1982,Maldives,MDV,..,26.6666667,..,..,..,..,..,..,..,..,10,..,..,..,..,..,1972,..,..
1983,Maldives,MDV,..,26.6666667,..,..,..,..,..,..,..,..,10,..,..,..,..,..,1972,..,..
1984,Maldives,MDV,..,26.6666667,..,..,..,..,..,..,..,..,10,..,..,..,..,..,1972,..,..
1985,Maldives,MDV,..,26.6666667,..,..,..,..,..,..,..,..,10,..,..,..,..,..,1972,..,..
1986,Maldives,MDV,..,26.6666667,..,..,..,..,..,..,..,..,10,..,..,..,9.72219328,..,1972,..,..
1987,Maldives,MDV,..,26.6666667,..,..,..,0,..,..,..,..,10,..,..,..,9.70407233,..,1972,..,..
1988,Maldives,MDV,..,26.6666667,..,..,..,0,..,..,..,..,10,..,..,..,6.45636027,..,1972,..,..
1989,Maldives,MDV,..,26.6666667,..,..,..,0,..,..,..,..,10,..,..,..,7.1658589,..,1972,..,..
1990,Maldives,MDV,..,26.6666667,..,..,..,0,..,..,..,..,10,..,156.7,..,3.64991198,..,1972,..,..
1991,Maldives,MDV,..,26.6666667,..,..,..,0,..,21.75834,7.554418,25.42622,10,..,159.6,..,14.713677,..,1972,..,..
1992,Maldives,MDV,..,26.6666667,..,..,..,0,..,21.41161,7.700094,25.25592,10,..,225.1,..,16.8559978,..,1972,..,..
1993,Maldives,MDV,..,26.6666667,..,..,..,0,..,21.06146,7.847754,25.07955,10,..,202.6,..,20.1273593,..,1972,..,..
1994,Maldives,MDV,..,26.6666667,..,..,..,0,..,20.60394,7.964968,24.77123,10,..,204.6,..,3.38610098,..,1972,..,..
1995,Maldives,MDV,..,26.6666667,..,0.73243157,2.09644636,0,..,20.17282,8.029589,24.49572,10,..,261.4,..,5.48886133,..,1972,..,..
1996,Maldives,MDV,..,26.6666667,..,0.14456348,2.1214753,0,..,18.97682,7.742878,23.24441,10,..,281.6,..,6.24124592,7.85864693,1972,..,..
1997,Maldives,MDV,..,26.6666667,..,0.10801666,2.57904356,0,..,17.72935,7.414305,21.89898,10,..,338.3,..,7.57283467,8.39794083,1972,..,..
1998,Maldives,MDV,..,26.6666667,..,0.01378881,3.21899839,0,..,16.57856,7.043791,20.67552,10,..,311,..,-1.4042523,7.49468303,1972,..,..
1999,Maldives,MDV,..,26.6666667,..,0.06340458,2.36313263,0,..,15.50873,6.707272,19.52468,10,..,429.9,..,2.95370836,6.17565583,1972,..,..
2000,Maldives,MDV,..,30,..,0.0423593,1.8308365,0,..,14.43977,6.340281,18.36565,10,..,462.2,..,-1.1747568,3.84581039,1972,..,..
2001,Maldives,MDV,..,33.3333333,..,0.04943903,2.22597082,0,..,15.9399,7.329655,20.14709,10,..,481.3,..,0.67257737,-3.9436344,1972,..,..
2002,Maldives,MDV,..,40,..,0.06350288,1.89460502,0,..,16.82552,8.081032,21.13309,10,6,614.4,..,4.1786724,7.26838631,1972,..,..
2003,Maldives,MDV,..,40,..,0.03443528,2.23469571,0,..,17.79303,8.83414,22.23991,10,8,528.5,..,-1.2606511,13.7500498,1972,..,..
2004,Maldives,MDV,..,36.6666667,..,0.02642343,2.91108325,0,..,17.21323,8.017042,21.81182,10,10.3333333,693.1,..,-1.6854121,6.03375405,1972,..,..
2005,Maldives,MDV,..,30,..,0.00725173,3.55137075,0,..,17.4922,7.562215,22.49599,10,29.6666667,626.9,..,1.30027501,-13.129053,1972,..,..
2006,Maldives,MDV,..,23.3333333,..,0.00059733,3.38415337,0,..,16.2198,6.439002,21.08377,10,117.666667,790.5,..,2.73842132,26.1114935,1972,..,..
2007,Maldives,MDV,..,23.3333333,..,0.00422202,3.71680328,0,..,15.42493,5.549738,20.15228,10,87.3333333,810.6,..,6.79477354,7.71386727,1972,..,..
2008,Maldives,MDV,..,23.3333333,..,0.00089979,3.16768448,0,..,14.60126,4.646929,19.17484,10,22.3333333,870.6,..,12.0414584,9.48533266,1972,..,..
2009,Maldives,MDV,..,23.3333333,..,0.00124306,2.1031119,0,..,14.02111,3.9754,18.46637,10,131.333333,916.6,..,4.53017659,-7.2288415,1972,0.03064795,..
2010,Maldives,MDV,..,23,..,..,2.21828397,0,..,12.59738,3.678034,16.42511,13,94.3589744,963,..,6.14988537,7.26512907,1972,..,..
2011,Maldives,MDV,..,23,..,0.00024182,1.59858678,0,..,11.21401,3.407028,14.47823,13,36.6666667,1012.8,..,11.2734146,8.56673353,1972,..,..
2012,Maldives,MDV,..,21.3333333,..,0.03959983,1.99458444,0,..,10.14512,3.261254,12.95692,13,134.8,1144.6,..,10.8846957,2.51738394,1972,..,..
2013,Maldives,MDV,..,21.3333333,..,4.20408E-06,1.79200352,0,..,9.007427,3.033564,11.39724,13,193.523077,1128.5,..,3.80563001,7.28107398,1972,..,..
2014,Maldives,MDV,..,21.3333333,..,..,1.84713303,0,..,7.972797,2.844299,10.00926,13,60.3871795,1355.2,..,2.12000176,7.3296262,1972,..,..
2015,Maldives,MDV,..,21.3333333,..,..,2.76106908,0,..,8.32646,2.65944,10.58577,13,61.1794872,1339.3,..,0.95320666,2.88454853,1972,..,..
2016,Maldives,MDV,..,21.3333333,..,..,2.36830942,0,..,8.551278,2.423587,11.00451,13,94.1846154,1465.9,..,0.50250941,6.33830064,1972,..,..
2017,Maldives,MDV,..,21.3333333,..,0.00887606,2.66486255,0,..,8.716962,2.637837,11.11911,13,113.246154,1546.1,..,2.81747338,7.20991012,1972,..,..
2018,Maldives,MDV,..,21.3333333,..,0.01241199,2.55480521,0,..,9.171635,2.943726,11.55979,13,114.974359,1776.1,..,-0.1333734,8.12312891,1972,..,..
2019,Maldives,MDV,..,21.3333333,..,0.00893837,2.1721559,0,..,10.00217,3.433576,12.42558,13,71.7282051,1999.5,..,0.22002973,7.09746602,1972,..,..
2020,Maldives,MDV,..,21.3333333,..,..,..,0,..,11.04547,3.942438,13.66926,13,90.9051282,1454,..,-1.3697743,-33.492796,1972,..,..
2021,Maldives,MDV,..,19.6666667,..,0.0174403,1.30609747,..,..,10.52856,3.778919,13.03116,13,110.084615,..,..,0.54314969,41.7451006,..,..,..
1960,Uzbekistan,UZB,..,..,..,..,..,..,..,..,..,..,..,..,..,..,..,..,..,..,..
1961,Uzbekistan,UZB,..,..,..,..,..,..,..,..,..,..,..,..,..,..,..,..,..,..,..
1962,Uzbekistan,UZB,..,..,..,..,..,..,..,..,..,..,..,..,..,..,..,..,..,..,..
1963,Uzbekistan,UZB,..,..,..,..,..,..,..,..,..,..,..,..,..,..,..,..,..,..,..
1964,Uzbekistan,UZB,..,..,..,..,..,..,..,..,..,..,..,..,..,..,..,..,..,..,..
1965,Uzbekistan,UZB,..,..,..,..,..,..,..,..,..,..,..,..,..,..,..,..,..,..,..
1966,Uzbekistan,UZB,..,..,..,..,..,..,..,..,..,..,..,..,..,..,..,..,..,..,..
1967,Uzbekistan,UZB,..,..,..,..,..,..,..,..,..,..,..,..,..,..,..,..,..,..,..
1968,Uzbekistan,UZB,..,..,..,..,..,..,..,..,..,..,..,..,..,..,..,..,..,..,..
1969,Uzbekistan,UZB,..,..,..,..,..,..,..,..,..,..,..,..,..,..,..,..,..,..,..
1970,Uzbekistan,UZB,..,..,..,..,..,..,..,..,..,..,..,..,..,..,..,..,..,..,..
1971,Uzbekistan,UZB,..,..,..,..,..,..,..,..,..,..,..,..,..,..,..,..,..,..,..
1972,Uzbekistan,UZB,..,..,..,..,..,..,..,..,..,..,..,..,..,..,..,..,..,..,..
1973,Uzbekistan,UZB,..,..,..,..,..,..,..,..,..,..,..,..,..,..,..,..,..,..,..
1974,Uzbekistan,UZB,..,..,..,..,..,..,..,..,..,..,..,..,..,..,..,..,..,..,..
1975,Uzbekistan,UZB,..,..,..,..,..,..,..,..,..,..,..,..,..,..,..,..,..,..,..
1976,Uzbekistan,UZB,..,..,..,..,..,..,..,..,..,..,..,..,..,..,..,..,..,..,..
1977,Uzbekistan,UZB,..,..,..,..,..,..,..,..,..,..,..,..,..,..,..,..,..,..,..
1978,Uzbekistan,UZB,..,..,..,..,..,..,..,..,..,..,..,..,..,..,..,..,..,..,..
1979,Uzbekistan,UZB,..,..,..,..,..,..,..,..,..,..,..,..,..,..,..,..,..,..,..
1980,Uzbekistan,UZB,..,..,..,..,..,..,..,..,..,..,..,..,..,..,..,..,..,..,..
1981,Uzbekistan,UZB,..,..,..,..,..,..,..,..,..,..,..,..,..,..,..,..,..,..,..
1982,Uzbekistan,UZB,..,..,..,..,..,..,..,..,..,..,..,..,..,..,..,..,..,..,..
1983,Uzbekistan,UZB,..,..,..,..,..,..,..,..,..,..,..,..,..,..,..,..,..,..,..
1984,Uzbekistan,UZB,..,..,..,..,..,..,..,..,..,..,..,..,..,..,..,..,..,..,..
1985,Uzbekistan,UZB,..,..,..,..,..,..,..,..,..,..,..,..,..,..,..,..,..,..,..
1986,Uzbekistan,UZB,..,..,..,..,..,..,..,..,..,..,..,..,..,..,..,..,..,..,..
1987,Uzbekistan,UZB,..,..,..,..,..,..,..,..,..,..,..,..,..,..,..,..,..,..,..
1988,Uzbekistan,UZB,..,..,..,..,..,..,..,..,..,..,..,..,..,..,..,9.13858228,..,..,..
1989,Uzbekistan,UZB,..,..,..,..,..,..,..,..,..,..,..,..,..,..,..,3.09129397,..,..,..
1990,Uzbekistan,UZB,..,..,..,..,..,..,..,..,..,..,..,..,117767.7,..,..,1.60000001,..,..,..
1991,Uzbekistan,UZB,..,..,..,..,..,..,..,40.4637,39.58761,41.01717,..,..,118584.8,1.41164689,..,-0.492,..,..,..
1992,Uzbekistan,UZB,..,65.1716032,..,..,..,..,..,40.1535,39.12653,40.8148,10.5171603,163.164953,113076.8,-3.948725,..,-11.2,206,..,..
1993,Uzbekistan,UZB,..,64.9905971,..,..,..,..,..,40.27338,39.01167,41.06301,10.5101081,142.250056,114592.9,-3.8915983,..,-2.3,206,..,..
1994,Uzbekistan,UZB,..,64.974142,..,..,..,93.6525708,..,40.48512,38.98687,41.41578,10.503056,105.863921,108876.6,-7.447503,..,-5.2,206,..,..
1995,Uzbekistan,UZB,..,64.9811942,..,..,..,93.1745372,..,40.33227,38.70039,41.35172,10.5195111,105.921788,98154.6,-14.313671,..,-0.9,206,..,..
1996,Uzbekistan,UZB,..,64.974142,..,..,..,92.702371,..,40.10982,38.33322,41.19642,10.5218618,99.4191242,99600.3,-13.391203,..,1.7,206,..,..
1997,Uzbekistan,UZB,..,64.9670898,..,..,..,92.2359648,..,39.955,38.15824,41.05448,10.5242125,195.465714,100732.3,-10.694031,..,5.2,206,..,..
1998,Uzbekistan,UZB,..,64.254819,..,..,..,91.775214,..,39.39549,37.52155,40.52118,10.5265632,184.100045,116263.5,-2.2257591,..,4.3,206,..,..
1999,Uzbekistan,UZB,..,64.2477668,..,..,..,91.3200162,..,38.49746,36.60334,39.6396,10.528914,172.985041,116488.1,-1.0139075,..,4.3,206,..,..
2000,Uzbekistan,UZB,..,62.6839311,..,..,..,90.8702717,..,37.66965,35.71931,38.86196,10.2760543,163.214286,123804.5,-1.9961337,..,3.835,206,..,..
2001,Uzbekistan,UZB,..,62.6848141,..,..,..,90.4258831,..,36.71826,34.71658,37.95465,10.2796213,160.745369,125695.4,-0.5286079,..,4.16383825,206,..,..
2002,Uzbekistan,UZB,..,62.0447752,..,..,..,90.3255657,..,35.74419,33.67232,37.03502,10.2865034,160.347904,129888,3.96124983,..,3.97348819,206,..,..
2003,Uzbekistan,UZB,..,61.6343602,..,..,..,90.2213073,..,34.72921,32.61063,36.05745,10.197831,155.905512,121905.7,2.49529995,..,4.23262738,206,..,..
2004,Uzbekistan,UZB,..,61.2224764,..,..,..,90.1128708,..,33.59752,31.53769,34.88707,10.1089129,141.85202,124840.1,1.16916273,..,7.44900061,206,..,..
2005,Uzbekistan,UZB,..,60.8077568,..,..,..,90,..,32.44124,30.43949,33.69278,10.0195251,149.30158,119190.1,-1.0563837,..,6.9500072,206,..,..
2006,Uzbekistan,UZB,..,60.3923368,..,..,..,90.160966,..,31.28017,29.3281,32.49593,9.9300218,165.203327,127356.9,2.49429988,..,7.45141848,206,..,..
2007,Uzbekistan,UZB,..,59.9586223,..,..,..,90.3246635,..,30.0482,28.20433,31.18755,9.83751697,169.057123,122580.6,2.67528425,..,9.47300531,206,..,..
2008,Uzbekistan,UZB,..,59.5457913,..,..,..,90.4911627,..,28.83434,27.00933,29.94971,9.74844426,175.869412,128884.1,8.61637927,..,9.02916102,206,..,..
2009,Uzbekistan,UZB,..,59.1336063,..,..,..,90.6605362,..,27.71076,25.98246,28.75631,9.65947539,197.896699,116532.5,2.72129393,..,8.05093333,206,0.123694,..
2010,Uzbekistan,UZB,..,58.7255559,..,..,..,90.8328588,..,26.81454,25.04147,27.87621,9.57117818,205.389501,126240.5,1.98701709,..,7.59716796,206,..,..
2011,Uzbekistan,UZB,..,58.3214206,..,..,..,91.0082085,..,27.09432,25.40889,28.11548,9.48351227,213.023712,128633.7,6.71800315,13.7797447,7.52513989,206,..,..
2012,Uzbekistan,UZB,..,57.9072969,..,..,..,91.1866657,..,26.60139,24.85567,27.64839,9.39421753,211.386175,113140.2,4.64475895,13.2088027,7.10244489,206,..,..
2013,Uzbekistan,UZB,..,57.5048934,..,..,..,91.3683136,..,27.16615,25.48747,28.16292,9.30496181,232.749199,111856.5,..,11.8414334,7.29655037,206,..,..
2014,Uzbekistan,UZB,..,58.6109333,..,..,..,91.5532387,..,27.52995,25.92858,28.47169,9.27972023,244.661968,104872.5,..,9.28309356,6.87383844,206,..,..
2015,Uzbekistan,UZB,14.3529826,57.9845665,..,..,..,92.0813987,..,26.87248,25.29914,27.78852,9.1715842,248.692155,99358.2,..,8.75188197,7.21877351,206,..,..
2016,Uzbekistan,UZB,14.3417483,57.9805307,..,..,..,91.6605572,..,26.23368,24.64048,27.15427,9.15883438,253.734295,105333.9,..,8.1308867,5.9321508,206,..,..
2017,Uzbekistan,UZB,14.6327135,57.9525543,..,6.00993138,3.23782053,92.2920204,..,25.7683,24.12242,26.71529,9.13869647,254.295152,109708.5,..,13.8757425,4.39527463,206,..,..
2018,Uzbekistan,UZB,14.6322731,57.9234067,..,3.25939517,2.88687464,92.2920204,..,25.1091,23.46712,26.04811,9.1237372,217.958635,112720.5,..,17.5241797,5.87974287,206,..,..
2019,Uzbekistan,UZB,14.5926677,58.0070593,..,3.27380552,2.05778484,92.2920204,..,24.33034,22.66166,25.27871,9.15549704,272.468739,117687.8,..,14.525736,5.98156194,206,..,..
2020,Uzbekistan,UZB,14.5312956,58.283218,..,2.84882748,2.35539666,92.2920204,..,24.45806,22.21217,25.67142,9.12969477,268.256483,115577.8,..,12.8677297,1.99558508,206,..,0.62280572
2021,Uzbekistan,UZB,14.5247678,58.301203,..,2.61168665,2.08588191,..,..,23.94528,21.98738,25.01963,9.11397403,296.838794,..,..,10.8492398,7.40336814,..,..,..
1960,Kyrgyz Republic,KGZ,..,..,..,..,..,..,..,..,..,..,..,..,..,..,..,..,..,..,..
1961,Kyrgyz Republic,KGZ,..,..,..,..,..,..,..,..,..,..,..,..,..,..,..,..,..,..,..
1962,Kyrgyz Republic,KGZ,..,..,..,..,..,..,..,..,..,..,..,..,..,..,..,..,..,..,..
1963,Kyrgyz Republic,KGZ,..,..,..,..,..,..,..,..,..,..,..,..,..,..,..,..,..,..,..
1964,Kyrgyz Republic,KGZ,..,..,..,..,..,..,..,..,..,..,..,..,..,..,..,..,..,..,..
1965,Kyrgyz Republic,KGZ,..,..,..,..,..,..,..,..,..,..,..,..,..,..,..,..,..,..,..
1966,Kyrgyz Republic,KGZ,..,..,..,..,..,..,..,..,..,..,..,..,..,..,..,..,..,..,..
1967,Kyrgyz Republic,KGZ,..,..,..,..,..,..,..,..,..,..,..,..,..,..,..,..,..,..,..
1968,Kyrgyz Republic,KGZ,..,..,..,..,..,..,..,..,..,..,..,..,..,..,..,..,..,..,..
1969,Kyrgyz Republic,KGZ,..,..,..,..,..,..,..,..,..,..,..,..,..,..,..,..,..,..,..
1970,Kyrgyz Republic,KGZ,..,..,..,..,..,..,..,..,..,..,..,..,..,..,..,..,..,..,..
1971,Kyrgyz Republic,KGZ,..,..,..,..,..,..,..,..,..,..,..,..,..,..,..,..,..,..,..
1972,Kyrgyz Republic,KGZ,..,..,..,..,..,..,..,..,..,..,..,..,..,..,..,..,..,..,..
1973,Kyrgyz Republic,KGZ,..,..,..,..,..,..,..,..,..,..,..,..,..,..,..,..,..,..,..
1974,Kyrgyz Republic,KGZ,..,..,..,..,..,..,..,..,..,..,..,..,..,..,..,..,..,..,..
1975,Kyrgyz Republic,KGZ,..,..,..,..,..,..,..,..,..,..,..,..,..,..,..,..,..,..,..
1976,Kyrgyz Republic,KGZ,..,..,..,..,..,..,..,..,..,..,..,..,..,..,..,..,..,..,..
1977,Kyrgyz Republic,KGZ,..,..,..,..,..,..,..,..,..,..,..,..,..,..,..,..,..,..,..
1978,Kyrgyz Republic,KGZ,..,..,..,..,..,..,..,..,..,..,..,..,..,..,..,..,..,..,..
1979,Kyrgyz Republic,KGZ,..,..,..,..,..,..,..,..,..,..,..,..,..,..,..,..,..,..,..
1980,Kyrgyz Republic,KGZ,..,..,..,..,..,..,..,..,..,..,..,..,..,..,..,..,..,..,..
1981,Kyrgyz Republic,KGZ,..,..,..,..,..,..,..,..,..,..,..,..,..,..,..,..,..,..,..
1982,Kyrgyz Republic,KGZ,..,..,..,..,..,..,..,..,..,..,..,..,..,..,..,..,..,..,..
1983,Kyrgyz Republic,KGZ,..,..,..,..,..,..,..,..,..,..,..,..,..,..,..,..,..,..,..
1984,Kyrgyz Republic,KGZ,..,..,..,..,..,..,..,..,..,..,..,..,..,..,..,..,..,..,..
1985,Kyrgyz Republic,KGZ,..,..,..,..,..,..,..,..,..,..,..,..,..,..,..,..,..,..,..
1986,Kyrgyz Republic,KGZ,..,..,..,..,..,..,..,..,..,..,..,..,..,..,..,..,..,..,..
1987,Kyrgyz Republic,KGZ,..,..,..,..,..,..,..,..,..,..,..,..,..,..,..,3.29996837,..,..,..
1988,Kyrgyz Republic,KGZ,..,..,..,..,..,..,..,..,..,..,..,..,..,..,..,13.2000301,..,..,..
1989,Kyrgyz Republic,KGZ,..,..,..,..,..,..,..,..,..,..,..,..,..,..,..,2.78975094,..,..,..
1990,Kyrgyz Republic,KGZ,..,..,..,..,..,..,..,..,..,..,..,..,22762.3,..,..,5.70279663,..,..,..
1991,Kyrgyz Republic,KGZ,..,..,..,..,..,..,..,35.4997,36.39457,34.7921,..,..,20422.9,-9.313505,..,-7.9439252,..,..,..
1992,Kyrgyz Republic,KGZ,..,52.5964546,25000,..,..,..,..,38.16113,38.63168,37.7838,6.88216893,24.2424242,13764.1,-33.8583,..,-13.837838,533,..,..
1993,Kyrgyz Republic,KGZ,..,52.7632951,26000,..,..,..,..,38.97477,39.12167,38.8553,7.04900939,20.7100592,10080.7,-46.691548,..,-15.459328,533,..,..
1994,Kyrgyz Republic,KGZ,..,53.8529719,27176,..,..,94.1503074,..,41.9837,41.94171,42.01884,7.05943691,20.6794682,6544.5,-59.720826,..,-20.085159,533,..,..
1995,Kyrgyz Republic,KGZ,..,54.9374348,24802,12.6563652,2.6548732,94.0835895,..,47.1889,47.23608,47.14924,7.06986444,20.6489676,4594.3,-68.486548,..,-5.4238219,533,..,..
1996,Kyrgyz Republic,KGZ,..,55.4796663,19670,11.3043627,1.47743139,94.0168716,..,47.145,47.478,46.86724,7.07507821,22.84451,5760.6,-62.360154,31.9473377,7.08450241,533,..,..
1997,Kyrgyz Republic,KGZ,..,55.5839416,22000,..,..,93.9501537,..,48.28035,48.74818,47.89426,7.08029197,22.8276878,5679.5,-65.694798,23.4354279,9.91525389,533,..,..
1998,Kyrgyz Republic,KGZ,..,55.7351408,25819,6.39884776,1.18815875,93.8834358,94.5316463,48.99995,49.02887,48.9761,7.0907195,21.3808824,6022.3,-66.590017,10.4573826,2.12183526,533,..,..
1999,Kyrgyz Republic,KGZ,..,55.9228363,25930,6.04872895,0.6206874,93.8167179,..,52.38904,53.30712,51.63434,7.13242961,20.5197368,4784.7,-70.435174,37.0309258,3.65578939,533,..,..
2000,Kyrgyz Republic,KGZ,..,55.8602711,25512,8.69631616,1.82524551,93.75,..,53.07056,54.85298,51.61322,7.06986444,21.5331858,4643.3,-70.033052,18.7007343,5.44333663,533,..,..
2001,Kyrgyz Republic,KGZ,9.53043801,56.1835245,25307,7.23358685,1.94280143,93.6480216,..,52.92112,54.86062,51.34402,7.00729927,20.5491071,3962.1,-72.969092,6.91967989,5.32162142,533,..,..
2002,Kyrgyz Republic,KGZ,9.53043801,56.1835245,21921,15.0171931,1.98866773,93.538538,..,49.09719,48.90018,49.25762,7.01251303,7.05055762,4965.1,-68.856378,2.13420986,-0.0173246,533,..,..
2003,Kyrgyz Republic,KGZ,9.47416974,56.5172054,22500,9.59731283,1.6874647,93.4206889,..,43.23974,43.19289,43.27722,7.00729927,24.7105655,5579.7,-66.971584,2.97461295,7.0302932,533,..,..
2004,Kyrgyz Republic,KGZ,9.49860724,56.1522419,23100,7.47353773,1.64802812,93.2934774,..,38.90509,38.87644,38.92746,6.95516163,21.6821589,5557.9,-66.218373,4.11065085,7.02681242,533,..,..
2005,Kyrgyz Republic,KGZ,9.31596091,56.0218978,23700,8.520775,1.74586834,93.1557418,..,38.49783,37.56746,39.21699,6.69447341,24.6285047,5307,-67.393546,4.33867392,-0.1755154,533,..,..
2006,Kyrgyz Republic,KGZ,9.30845859,55.9494265,24531,7.3659979,1.2116578,93.0061197,..,36.26907,35.57875,36.79527,6.69290928,22.196775,5362.3,-67.908998,5.55212333,3.10289875,533,..,..
2007,Kyrgyz Republic,KGZ,9.31342393,55.9363921,24485,4.96586795,1.50137383,92.9449708,98.11,34.48373,34.06708,34.79977,6.67361835,22.4546875,6473.1,-65.555395,10.2301033,8.54287476,533,..,..
2008,Kyrgyz Republic,KGZ,9.30531732,55.9290928,24445,2.5024432,1.10030547,92.8827432,..,34.01393,33.92328,34.08234,6.67101147,18.9738179,7441.5,-64.326549,24.5201024,8.40161606,533,..,..
2009,Kyrgyz Republic,KGZ,9.39504394,55.3561001,..,2.42530773,1.35741851,92.8194081,..,32.87257,32.77774,32.94388,6.6527633,22.0681818,6734.6,-60.28382,6.83656248,2.88629458,533,2.06546403,..
2010,Kyrgyz Republic,KGZ,9.40453642,55.3279458,..,2.5720139,1.18809232,92.7549357,..,32.13324,31.79303,32.38364,6.65380605,22.6594578,6394.4,-60.915574,7.96772226,-0.4715666,533,..,..
2011,Kyrgyz Republic,KGZ,9.42263279,55.310219,..,2.22871237,1.32794193,92.689295,..,31.08977,30.79943,31.30289,6.65224192,19.1684301,7690.4,-58.37636,16.6363263,5.95627431,533,..,..
2012,Kyrgyz Republic,KGZ,9.43982325,55.2205422,..,3.06003137,1.45044903,92.689295,..,30.09195,29.7551,30.33463,6.65589155,24.3161523,10146,-58.553426,2.76844237,-0.0881502,533,..,..
2013,Kyrgyz Republic,KGZ,9.50012788,55.040146,..,2.00110021,1.54744456,92.689295,..,31.66879,33.09972,30.67912,6.66684046,27.4302026,9455,..,6.61375202,10.9154695,533,..,..
2014,Kyrgyz Republic,KGZ,9.50166239,55.0422315,..,1.91138325,1.56121921,92.689295,98.9404544,31.58595,34.59808,29.41334,6.67674661,32.0006247,9848.5,..,7.5342473,4.02403863,533,..,..
2015,Kyrgyz Republic,KGZ,9.50341979,55.0375391,..,1.70840542,0.92285174,92.689295,..,29.30786,32.07892,27.34202,6.67674661,10.4035843,10266.6,..,6.50331839,3.87582545,533,..,..
2016,Kyrgyz Republic,KGZ,9.520828,54.9588113,..,1.74482846,1.90593221,92.689295,..,26.79266,28.00002,25.96285,6.71428571,12.6933841,9675.6,..,0.3888383,4.33585592,533,..,..
2017,Kyrgyz Republic,KGZ,9.52362881,54.9535975,..,1.95849101,0.50633032,92.689295,..,23.55447,24.13616,23.17284,6.71428571,7.69034788,9439,..,3.17530986,4.73993723,533,..,0.58
2018,Kyrgyz Republic,KGZ,9.68006326,54.0709072,..,2.3364557,0.48695552,92.689295,..,20.4287,20.51456,20.37395,6.71532847,21.2298137,11306.8,..,1.54266145,3.75791013,533,..,0.59354621
2019,Kyrgyz Republic,KGZ,9.68519733,54.0583942,..,2.29867839,0.79666097,92.689295,..,18.14366,20.92562,16.34874,6.71220021,22.6697219,10017.4,..,1.13362258,4.60062567,533,..,..
2020,Kyrgyz Republic,KGZ,9.68672235,54.0552659,..,1.96874943,0.81621266,92.689295,..,17.22514,18.95884,16.0932,6.71220021,22.6464191,9080.1,..,6.32542296,-8.3983643,533,..,0.5966171
2021,Kyrgyz Republic,KGZ,9.68831094,54.0464025,..,1.80706381,0.65095692,..,..,16.57891,18.50092,15.33123,6.71220021,22.6464191,..,..,11.9050398,6.16763843,..,..,..
1960,Kazakhstan,KAZ,..,..,..,..,..,..,..,..,..,..,..,..,..,..,..,..,..,..,..
1961,Kazakhstan,KAZ,..,..,..,..,..,..,..,..,..,..,..,..,..,..,..,..,..,..,..
1962,Kazakhstan,KAZ,..,..,..,..,..,..,..,..,..,..,..,..,..,..,..,..,..,..,..
1963,Kazakhstan,KAZ,..,..,..,..,..,..,..,..,..,..,..,..,..,..,..,..,..,..,..
1964,Kazakhstan,KAZ,..,..,..,..,..,..,..,..,..,..,..,..,..,..,..,..,..,..,..
1965,Kazakhstan,KAZ,..,..,..,..,..,..,..,..,..,..,..,..,..,..,..,..,..,..,..
1966,Kazakhstan,KAZ,..,..,..,..,..,..,..,..,..,..,..,..,..,..,..,..,..,..,..
1967,Kazakhstan,KAZ,..,..,..,..,..,..,..,..,..,..,..,..,..,..,..,..,..,..,..
1968,Kazakhstan,KAZ,..,..,..,..,..,..,..,..,..,..,..,..,..,..,..,..,..,..,..
1969,Kazakhstan,KAZ,..,..,..,..,..,..,..,..,..,..,..,..,..,..,..,..,..,..,..
1970,Kazakhstan,KAZ,..,..,..,..,..,..,..,..,..,..,..,..,..,..,..,..,..,..,..
1971,Kazakhstan,KAZ,..,..,..,..,..,..,..,..,..,..,..,..,..,..,..,..,..,..,..
1972,Kazakhstan,KAZ,..,..,..,..,..,..,..,..,..,..,..,..,..,..,..,..,..,..,..
1973,Kazakhstan,KAZ,..,..,..,..,..,..,..,..,..,..,..,..,..,..,..,..,..,..,..
1974,Kazakhstan,KAZ,..,..,..,..,..,..,..,..,..,..,..,..,..,..,..,..,..,..,..
1975,Kazakhstan,KAZ,..,..,..,..,..,..,..,..,..,..,..,..,..,..,..,..,..,..,..
1976,Kazakhstan,KAZ,..,..,..,..,..,..,..,..,..,..,..,..,..,..,..,..,..,..,..
1977,Kazakhstan,KAZ,..,..,..,..,..,..,..,..,..,..,..,..,..,..,..,..,..,..,..
1978,Kazakhstan,KAZ,..,..,..,..,..,..,..,..,..,..,..,..,..,..,..,..,..,..,..
1979,Kazakhstan,KAZ,..,..,..,..,..,..,..,..,..,..,..,..,..,..,..,..,..,..,..
1980,Kazakhstan,KAZ,..,..,..,..,..,..,..,..,..,..,..,..,..,..,..,..,..,..,..
1981,Kazakhstan,KAZ,..,..,..,..,..,..,..,..,..,..,..,..,..,..,..,..,..,..,..
1982,Kazakhstan,KAZ,..,..,..,..,..,..,..,..,..,..,..,..,..,..,..,..,..,..,..
1983,Kazakhstan,KAZ,..,..,..,..,..,..,..,..,..,..,..,..,..,..,..,..,..,..,..
1984,Kazakhstan,KAZ,..,..,..,..,..,..,..,..,..,..,..,..,..,..,..,..,..,..,..
1985,Kazakhstan,KAZ,..,..,..,..,..,..,..,..,..,..,..,..,..,..,..,..,..,..,..
1986,Kazakhstan,KAZ,..,..,..,..,..,..,..,..,..,..,..,..,..,..,..,..,..,..,..
1987,Kazakhstan,KAZ,..,..,..,..,..,..,..,..,..,..,..,..,..,..,..,..,..,..,..
1988,Kazakhstan,KAZ,..,..,..,..,..,..,..,..,..,..,..,..,..,..,..,..,..,..,..
1989,Kazakhstan,KAZ,..,..,..,..,..,..,..,..,..,..,..,..,..,..,..,..,..,..,..
1990,Kazakhstan,KAZ,..,..,..,..,..,..,..,..,..,..,..,..,237250.9,..,..,..,..,..,..
1991,Kazakhstan,KAZ,..,..,..,..,..,..,..,35.70372,34.6052,36.74717,..,..,246366,-2.5309564,..,-11,..,..,..
1992,Kazakhstan,KAZ,..,82.0324481,217435,..,..,..,..,35.64101,34.40364,36.81723,12.9847761,13.5501355,253841.7,-1.6713308,..,-5.3,250,..,..
1993,Kazakhstan,KAZ,..,82.1376449,212082,..,..,80.9437699,..,35.90027,34.49329,37.24113,12.9792199,9.24657534,219245.6,-12.177054,..,-9.2,250,..,..
1994,Kazakhstan,KAZ,..,82.1020854,196242,..,..,81.170632,..,36.30398,34.71682,37.79623,12.846983,3.48874088,199170.1,-22.413492,1877.3724,-12.6,250,..,..
1995,Kazakhstan,KAZ,..,80.4483832,170185,2.81250881,2.09275539,81.4053637,..,36.26533,34.46803,37.94468,12.8593918,2.73645097,175237.63,-33.582335,176.155299,-8.2,250,..,..
1996,Kazakhstan,KAZ,..,79.8139053,142383,3.15018112,1.54088245,79.4162609,..,36.31053,34.50559,37.99009,12.2263955,3.96878295,153394.84,-26.850623,39.1825424,0.5,250,..,..
1997,Kazakhstan,KAZ,..,79.894729,108121,2.70634371,1.18949514,77.0747534,..,36.34801,34.59251,37.98569,12.057562,1.723407,132240.74,-44.316222,17.4080411,1.7,250,..,..
1998,Kazakhstan,KAZ,..,79.7606401,64249,1.89575373,1.27879889,74.2780864,..,36.44812,34.65,38.13092,11.9105086,0.40429423,135838.36,-41.321902,7.14632666,-1.9,250,..,..
1999,Kazakhstan,KAZ,..,79.6663703,54982,1.50833402,0.78978874,70.8792563,..,36.50247,34.7798,38.11622,11.874023,1.06687297,122649.272,-50.893487,8.29602765,2.7,250,..,..
2000,Kazakhstan,KAZ,..,79.7841612,52084,0.98849775,0.1737905,66.6603181,..,36.18422,34.69468,37.58327,11.1713524,1.22681893,120151.999,-44.292111,13.1808906,9.8,250,..,..
2001,Kazakhstan,KAZ,..,79.4479387,50811,1.3771008,0.9101634,67.2458481,..,35.51979,34.23594,36.7358,10.8751713,1.71663879,117443.4,-39.937587,8.35413777,13.5,250,..,..
2002,Kazakhstan,KAZ,..,79.0713413,50154,1.41241292,0.70100935,68.1307824,..,35.47824,34.71146,36.2011,10.4996481,0.83609975,131067.44,-23.209441,5.83692452,9.8,250,..,..
2003,Kazakhstan,KAZ,..,78.8981739,46669,1.2980907,0.91847304,68.3213586,..,35.25403,34.07275,36.38095,10.4987962,1.19039219,146142.22,-31.021956,6.4382181,9.3,250,..,..
2004,Kazakhstan,KAZ,..,78.7756047,45791,1.00372856,0.72514731,68.8969718,..,33.50135,32.03298,34.90448,10.5488758,1.47829263,158029.6,-23.39395,6.88205439,9.6,250,..,..
2005,Kazakhstan,KAZ,..,78.6331815,44116,0.74739387,0.86651143,71.2701166,..,32.40524,31.39035,33.38128,10.5798052,1.42845639,169217.6,-21.663135,7.57999929,9.7,250,..,..
2006,Kazakhstan,KAZ,..,78.4814979,43715,0.64029634,0.86401776,62.9294926,..,31.53509,30.23145,32.79726,10.5996963,1.44674308,185299.3,-12.753054,8.72169386,10.7,250,..,..
2007,Kazakhstan,KAZ,..,78.3181835,40228,0.57843374,0.8589605,63.3960279,..,31.22453,29.80356,32.61009,10.6090306,2.05647808,198392.4,-15.163087,10.8468362,8.9,250,..,..
2008,Kazakhstan,KAZ,..,78.1017891,..,0.28640809,0.62337975,58.9154861,..,30.16016,29.23262,31.07112,10.5640627,1.08345781,242038,-11.222106,17.1398998,3.3,250,..,..
2009,Kazakhstan,KAZ,..,78.0765641,..,0.23030675,0.65641832,60.6229402,..,29.01663,28.46972,29.55758,10.6005112,1.97077384,213617.1,-22.694565,7.31607858,1.2,250,0.21716122,..
2010,Kazakhstan,KAZ,0.58251497,80.439234,..,0.18518239,0.61253234,59.1273674,..,28.28287,27.51049,29.04953,10.6248102,2.04603295,229702.2,-6.6976797,7.40046357,7.3,250,..,0.59402978
2011,Kazakhstan,KAZ,..,80.3750417,..,0.11029771,0.65861186,59.6974116,..,26.45394,26.34702,26.56026,10.8088306,2.99555184,245455.3,-5.8597186,8.42488762,7.4,250,..,..
2012,Kazakhstan,KAZ,..,80.3837834,..,0.12999266,0.62389832,58.3808545,..,25.53955,25.09902,25.97443,10.8650961,4.42025058,244599,-1.5548965,5.09791485,4.8,250,..,..
2013,Kazakhstan,KAZ,..,80.377116,..,0.24646801,0.55487766,60.7607297,..,24.19434,23.33766,25.04991,10.8881357,2.88858196,260015.4,..,5.84640917,6,250,..,..
2014,Kazakhstan,KAZ,0.7850114,80.3049969,..,0.15249576,0.49994288,57.8039692,..,20.9803,20.17873,21.78149,10.9161018,3.95270477,209261.3,..,6.70657829,4.2,250,..,..
2015,Kazakhstan,KAZ,0.79635734,80.1050858,..,0.18008354,0.54172863,61.0662359,..,18.01286,17.21496,18.81047,10.9645887,4.29544848,191059.6,..,6.66577612,1.2,250,..,..
2016,Kazakhstan,KAZ,0.80932436,80.0985665,..,0.29743647,0.61518616,61.0490469,..,17.51076,16.51489,18.50553,10.9798126,3.84025578,202475.7,..,14.5460238,1.1,250,..,..
2017,Kazakhstan,KAZ,0.82113206,80.0880468,..,0.31488176,0.63026455,61.8379616,..,16.9415,15.89094,17.99102,10.9852947,5.33458138,214897.7,..,7.44000437,4.1,250,..,0.746
2018,Kazakhstan,KAZ,0.81768741,80.0222617,..,0.2600738,0.64376365,63.5799847,..,16.32204,15.25784,17.38514,11.0190021,4.05371353,216896.7,..,6.01913097,4.1,250,..,0.77706039
2019,Kazakhstan,KAZ,0.8315952,79.2585473,..,0.2789912,0.49680673,66.8048739,..,15.60106,14.49017,16.71097,10.882061,2.91739209,204592.2,..,5.2454768,4.5,250,..,..
2020,Kazakhstan,KAZ,0.84573502,79.2692521,..,0.22133809,0.45452746,62.6933724,..,15.47029,14.23944,16.64552,10.946846,5.57469242,211896.7,..,6.77154583,-2.5,250,..,0.62850642
2021,Kazakhstan,KAZ,0.8540856,79.1924658,..,0.26177654,0.55072432,..,..,15.04865,13.9424,16.12262,10.9899989,4.44561286,..,..,8.04232063,4.3,..,..,..
1960,Turkmenistan,TKM,..,..,..,..,..,..,..,..,..,..,..,..,..,..,..,..,..,..,..
1961,Turkmenistan,TKM,..,..,..,..,..,..,..,..,..,..,..,..,..,..,..,..,..,..,..
1962,Turkmenistan,TKM,..,..,..,..,..,..,..,..,..,..,..,..,..,..,..,..,..,..,..
1963,Turkmenistan,TKM,..,..,..,..,..,..,..,..,..,..,..,..,..,..,..,..,..,..,..
1964,Turkmenistan,TKM,..,..,..,..,..,..,..,..,..,..,..,..,..,..,..,..,..,..,..
1965,Turkmenistan,TKM,..,..,..,..,..,..,..,..,..,..,..,..,..,..,..,..,..,..,..
1966,Turkmenistan,TKM,..,..,..,..,..,..,..,..,..,..,..,..,..,..,..,..,..,..,..
1967,Turkmenistan,TKM,..,..,..,..,..,..,..,..,..,..,..,..,..,..,..,..,..,..,..
1968,Turkmenistan,TKM,..,..,..,..,..,..,..,..,..,..,..,..,..,..,..,..,..,..,..
1969,Turkmenistan,TKM,..,..,..,..,..,..,..,..,..,..,..,..,..,..,..,..,..,..,..
1970,Turkmenistan,TKM,..,..,..,..,..,..,..,..,..,..,..,..,..,..,..,..,..,..,..
1971,Turkmenistan,TKM,..,..,..,..,..,..,..,..,..,..,..,..,..,..,..,..,..,..,..
1972,Turkmenistan,TKM,..,..,..,..,..,..,..,..,..,..,..,..,..,..,..,..,..,..,..
1973,Turkmenistan,TKM,..,..,..,..,..,..,..,..,..,..,..,..,..,..,..,..,..,..,..
1974,Turkmenistan,TKM,..,..,..,..,..,..,..,..,..,..,..,..,..,..,..,..,..,..,..
1975,Turkmenistan,TKM,..,..,..,..,..,..,..,..,..,..,..,..,..,..,..,..,..,..,..
1976,Turkmenistan,TKM,..,..,..,..,..,..,..,..,..,..,..,..,..,..,..,..,..,..,..
1977,Turkmenistan,TKM,..,..,..,..,..,..,..,..,..,..,..,..,..,..,..,..,..,..,..
1978,Turkmenistan,TKM,..,..,..,..,..,..,..,..,..,..,..,..,..,..,..,..,..,..,..
1979,Turkmenistan,TKM,..,..,..,..,..,..,..,..,..,..,..,..,..,..,..,..,..,..,..
1980,Turkmenistan,TKM,..,..,..,..,..,..,..,..,..,..,..,..,..,..,..,..,..,..,..
1981,Turkmenistan,TKM,..,..,..,..,..,..,..,..,..,..,..,..,..,..,..,..,..,..,..
1982,Turkmenistan,TKM,..,..,..,..,..,..,..,..,..,..,..,..,..,..,..,..,..,..,..
1983,Turkmenistan,TKM,..,..,..,..,..,..,..,..,..,..,..,..,..,..,..,..,..,..,..
1984,Turkmenistan,TKM,..,..,..,..,..,..,..,..,..,..,..,..,..,..,..,..,..,..,..
1985,Turkmenistan,TKM,..,..,..,..,..,..,..,..,..,..,..,..,..,..,..,..,..,..,..
1986,Turkmenistan,TKM,..,..,..,..,..,..,..,..,..,..,..,..,..,..,..,..,..,..,..
1987,Turkmenistan,TKM,..,..,..,..,..,..,..,..,..,..,..,..,..,..,..,..,..,..,..
1988,Turkmenistan,TKM,..,..,..,..,..,..,..,..,..,..,..,..,..,..,..,11.0236222,..,..,..
1989,Turkmenistan,TKM,..,..,..,..,..,..,..,..,..,..,..,..,..,..,..,-4.2553195,..,..,..
1990,Turkmenistan,TKM,..,..,..,..,..,..,..,..,..,..,..,..,44646.3,..,..,35.3845581,..,..,..
1991,Turkmenistan,TKM,..,..,..,..,..,..,..,37.08996,38.06977,35.98663,..,..,37788.5,-8.0168835,..,-4.6052632,..,..,..
1992,Turkmenistan,TKM,..,75.2239695,62740,..,..,..,..,37.70708,38.57344,36.72986,3.16430107,117.686617,28099.3,-30.771043,..,-14.965987,161,..,..
1993,Turkmenistan,TKM,..,75.4367672,52304,..,..,..,..,37.70024,38.48892,36.81118,3.37497074,100.882724,26972,-28.923918,..,1.50000017,161,..,..
1994,Turkmenistan,TKM,..,75.4367672,..,..,..,97.9476827,..,38.0915,38.59393,37.51048,3.5962803,73.964497,33545,-31.419839,..,-17.29986,161,..,..
1995,Turkmenistan,TKM,..,75.543166,..,..,..,97.7001622,..,37.93625,38.20095,37.62084,3.70267912,75.2873563,33989.8,-32.075773,..,-7.2000409,161,..,..
1996,Turkmenistan,TKM,..,75.543166,..,..,..,97.4564986,..,37.92431,38.28302,37.48986,3.70267912,81.6091954,30608.9,-37.175385,..,6.69999216,161,..,..
1997,Turkmenistan,TKM,..,75.543166,..,12.958372,0.37211157,97.2166022,..,37.41964,37.34204,37.51493,3.70267912,102.298851,30502.5,-43.583458,..,-11.4,161,..,..
1998,Turkmenistan,TKM,..,75.543166,..,25.2367575,0.56420718,96.9803865,..,37.19355,37.21223,37.17045,3.70267912,43.6781609,31838.6,-43.65201,..,7.10000034,161,..,..
1999,Turkmenistan,TKM,..,75.6282851,..,19.0606401,0.42579036,96.7477674,..,36.92612,37.19261,36.59484,3.89419701,49.8360656,37688,-31.178629,..,16.4999995,161,..,..
2000,Turkmenistan,TKM,..,75.543166,..,9.89873753,0.39268197,96.5186634,..,36.33511,36.56598,36.05092,4.12827442,51.8556701,38507.5,-22.249225,..,5.46906413,161,..,..
2001,Turkmenistan,TKM,..,75.543166,..,..,..,96.5186634,..,36.38582,36.70584,35.99472,4.34107208,54.9019608,39123,-17.724315,..,4.34384571,161,..,..
2002,Turkmenistan,TKM,..,75.2239695,..,..,..,96.5186634,..,36.18582,36.38662,35.94222,4.34107208,54.8529412,41410.7,-12.908073,..,0.25717993,161,..,..
2003,Turkmenistan,TKM,..,74.8834933,..,..,..,96.5186634,..,35.6778,35.80154,35.52862,4.34107208,60.7352941,46350.2,-1.5917959,..,3.26882856,161,..,..
2004,Turkmenistan,TKM,..,74.5855766,..,..,..,94.2977749,..,35.21344,35.33252,35.07101,4.34107208,70.5392157,49365.2,-5.3671415,..,5.00040744,161,..,..
2005,Turkmenistan,TKM,..,74.2238206,..,..,..,94.2977749,..,34.43885,34.72877,34.09526,4.34107208,93.627451,50592.5,-2.6511322,..,13.0340349,161,..,..
2006,Turkmenistan,TKM,..,73.8407848,..,..,..,94.2977749,..,33.93318,34.39709,33.38845,4.34107208,126.715686,51916.5,-0.3732194,..,10.9733083,161,..,..
2007,Turkmenistan,TKM,..,73.5215883,..,..,..,94.2977749,..,33.4709,34.16005,32.6692,4.34107208,132.107843,58482.3,6.58318203,..,11.0592995,161,..,..
2008,Turkmenistan,TKM,..,73.095993,..,..,..,94.2977749,..,33.04831,34.12969,31.80083,4.23467325,135.527638,59279.7,12.4638881,..,14.7,161,..,..
2009,Turkmenistan,TKM,..,72.7874364,..,..,..,94.2977749,..,32.36221,33.43191,31.14016,4.23467325,137.085427,52386.8,-1.6177242,..,6.10000012,161,0.00047538,..
2010,Turkmenistan,TKM,..,72.3512012,..,..,..,94.2977749,..,31.59912,32.73285,30.30897,4.12827442,141.752577,59175.1,7.4359579,..,9.19999999,161,..,..
2011,Turkmenistan,TKM,..,72.0064691,..,..,..,94.2977749,..,30.74766,32.09768,29.21125,4.12827442,141.752577,65076.7,8.99629247,..,14.6999999,161,..,..
2012,Turkmenistan,TKM,..,72.0064691,..,..,..,94.2977749,..,29.89307,31.34641,28.23993,4.12827442,144.329897,66758.5,13.3357444,..,11.1,161,..,..
2013,Turkmenistan,TKM,..,72.0064691,..,..,..,94.2977749,..,28.91611,30.3883,27.24145,4.12827442,198.659794,63791.5,..,..,10.2000001,161,..,..
2014,Turkmenistan,TKM,..,72.0064691,..,..,..,94.2977749,..,27.89184,29.37378,26.20473,4.12827442,209.690722,62189,..,..,10.3,161,..,..
2015,Turkmenistan,TKM,..,72.0064691,..,..,..,94.2977749,..,26.91543,28.28193,25.35987,4.12827442,266.546392,63777.6,..,..,6.49999991,161,..,..
2016,Turkmenistan,TKM,..,72.0064691,..,..,..,94.2977749,..,26.06362,27.35804,24.58961,4.12827442,223.608247,64079.5,..,..,6.19999997,161,..,..
2017,Turkmenistan,TKM,..,72.0064691,..,..,..,94.2977749,..,25.08993,26.27584,23.73844,4.12827442,213.092784,63871.6,..,..,6.50000005,161,..,..
2018,Turkmenistan,TKM,..,72.0064691,..,..,..,94.2977749,..,24.2,25.33692,22.9033,4.12827442,235.773196,63317.6,..,..,6.19999994,161,..,..
2019,Turkmenistan,TKM,..,72.0064691,..,..,..,59.0217301,..,23.24518,24.28018,22.06333,4.12827442,241.907217,63231.8,..,..,6.30000004,161,..,..
2020,Turkmenistan,TKM,..,72.0064691,..,..,..,61.4204011,..,22.87097,23.69185,21.93385,4.12827442,241.907217,63655,..,..,-3.4,161,..,..
2021,Turkmenistan,TKM,..,72.0064691,..,..,..,..,..,22.32299,23.25977,21.24943,4.12827442,241.907217,..,..,..,..,..,..,..
1960,Tajikistan,TJK,..,..,..,..,..,..,..,..,..,..,..,..,..,..,..,..,..,..,..
1961,Tajikistan,TJK,..,..,..,..,..,..,..,..,..,..,..,..,..,..,..,..,..,..,..
1962,Tajikistan,TJK,..,..,..,..,..,..,..,..,..,..,..,..,..,..,..,..,..,..,..
1963,Tajikistan,TJK,..,..,..,..,..,..,..,..,..,..,..,..,..,..,..,..,..,..,..
1964,Tajikistan,TJK,..,..,..,..,..,..,..,..,..,..,..,..,..,..,..,..,..,..,..
1965,Tajikistan,TJK,..,..,..,..,..,..,..,..,..,..,..,..,..,..,..,..,..,..,..
1966,Tajikistan,TJK,..,..,..,..,..,..,..,..,..,..,..,..,..,..,..,..,..,..,..
1967,Tajikistan,TJK,..,..,..,..,..,..,..,..,..,..,..,..,..,..,..,..,..,..,..
1968,Tajikistan,TJK,..,..,..,..,..,..,..,..,..,..,..,..,..,..,..,..,..,..,..
1969,Tajikistan,TJK,..,..,..,..,..,..,..,..,..,..,..,..,..,..,..,..,..,..,..
1970,Tajikistan,TJK,..,..,..,..,..,..,..,..,..,..,..,..,..,..,..,..,..,..,..
1971,Tajikistan,TJK,..,..,..,..,..,..,..,..,..,..,..,..,..,..,..,..,..,..,..
1972,Tajikistan,TJK,..,..,..,..,..,..,..,..,..,..,..,..,..,..,..,..,..,..,..
1973,Tajikistan,TJK,..,..,..,..,..,..,..,..,..,..,..,..,..,..,..,..,..,..,..
1974,Tajikistan,TJK,..,..,..,..,..,..,..,..,..,..,..,..,..,..,..,..,..,..,..
1975,Tajikistan,TJK,..,..,..,..,..,..,..,..,..,..,..,..,..,..,..,..,..,..,..
1976,Tajikistan,TJK,..,..,..,..,..,..,..,..,..,..,..,..,..,..,..,..,..,..,..
1977,Tajikistan,TJK,..,..,..,..,..,..,..,..,..,..,..,..,..,..,..,..,..,..,..
1978,Tajikistan,TJK,..,..,..,..,..,..,..,..,..,..,..,..,..,..,..,..,..,..,..
1979,Tajikistan,TJK,..,..,..,..,..,..,..,..,..,..,..,..,..,..,..,..,..,..,..
1980,Tajikistan,TJK,..,..,..,..,..,..,..,..,..,..,..,..,..,..,..,..,..,..,..
1981,Tajikistan,TJK,..,..,..,..,..,..,..,..,..,..,..,..,..,..,..,..,..,..,..
1982,Tajikistan,TJK,..,..,..,..,..,..,..,..,..,..,..,..,..,..,..,..,..,..,..
1983,Tajikistan,TJK,..,..,..,..,..,..,..,..,..,..,..,..,..,..,..,..,..,..,..
1984,Tajikistan,TJK,..,..,..,..,..,..,..,..,..,..,..,..,..,..,..,..,..,..,..
1985,Tajikistan,TJK,..,..,..,..,..,..,..,..,..,..,..,..,..,..,..,..,..,..,..
1986,Tajikistan,TJK,..,..,..,..,..,..,..,..,..,..,..,..,..,..,..,3.49999987,..,..,..
1987,Tajikistan,TJK,..,..,..,..,..,..,..,..,..,..,..,..,..,..,..,-1.2,..,..,..
1988,Tajikistan,TJK,..,..,..,..,..,..,..,..,..,..,..,..,..,..,..,13.9000011,..,..,..
1989,Tajikistan,TJK,..,..,..,..,..,..,..,..,..,..,..,..,..,..,..,-6.5000007,..,..,..
1990,Tajikistan,TJK,..,..,..,..,..,..,..,..,..,..,..,..,11018.2,..,..,-0.5999996,..,..,..
1991,Tajikistan,TJK,..,..,..,..,..,..,..,55.49003,77.55771,43.03652,..,..,10171.7,4.58373805,..,-7.0999991,..,..,..
1992,Tajikistan,TJK,..,32.0734496,35727,..,..,..,..,56.17401,77.76785,43.98711,6.14461275,148.837209,7686.2,-6.5544885,..,-29.000001,691,..,..
1993,Tajikistan,TJK,..,32.4592741,34301,..,..,..,..,57.24404,78.27718,45.26604,6.20891683,87.456847,5167.3,-25.916481,..,-16.4,691,..,..
1994,Tajikistan,TJK,..,31.9376965,32875,..,..,92.3102838,..,58.2202,78.65837,46.49887,6.07316376,82.3529412,3035.37,-39.741765,..,-21.299998,691,..,..
1995,Tajikistan,TJK,..,32.7379251,31449,..,..,92.4085526,..,59.63728,79.28554,48.34841,6.03029437,82.9383886,2508.62,-41.315587,..,-12.416322,691,..,..
1996,Tajikistan,TJK,..,32.7593598,30023,..,..,92.5147974,..,60.58144,79.54597,49.64522,5.79451272,76.5721332,2240.2,-42.882545,..,-16.699998,691,..,..
1997,Tajikistan,TJK,..,32.5950272,28597,..,..,92.6300304,..,60.93377,79.6925,50.12675,5.79451272,63.0419236,2513.44,-46.811693,..,1.68067414,691,..,..
1998,Tajikistan,TJK,..,32.4878537,27171,..,..,92.7554425,..,61.03882,79.71745,50.26338,5.60160046,47.0306122,2765.715,-46.868881,..,5.31286766,691,..,..
1999,Tajikistan,TJK,..,32.6378965,25745,..,..,92.8924449,..,60.76375,79.60831,49.94394,5.60160046,13.5204082,2544.59,-47.701296,..,3.69955072,691,..,..
2000,Tajikistan,TJK,..,32.673621,24319,12.1510054,0.70236627,67.8800857,..,60.3934,79.42173,49.48776,5.60160046,11.3520408,2200.97,-53.575003,..,8.3243245,691,..,..
2001,Tajikistan,TJK,..,32.673621,22893,..,..,92.599035,..,59.32723,78.89096,48.13186,5.59445556,15.4533844,2150.05,-52.161159,38.5918895,9.58083618,691,..,..
2002,Tajikistan,TJK,..,32.6593312,20035,..,..,92.1894235,..,58.3421,78.26228,46.97254,5.58016576,40.9792318,2133.81,-52.369579,12.2499848,10.8000038,691,..,..
2003,Tajikistan,TJK,..,32.8379537,22162,..,..,91.8101074,..,57.08416,77.52561,45.44769,5.58731066,22.6677749,2175.1,-50.005773,16.3034912,10.9999991,691,..,..
2004,Tajikistan,TJK,..,33.2237782,21150,..,..,91.4578453,..,55.70788,76.43649,43.88639,5.55873107,25.0482391,2597.02,-45.16173,7.14196509,10.2999989,691,..,..
2005,Tajikistan,TJK,..,33.380966,19947,..,..,91.1298427,..,55.36881,75.24248,44.17185,5.4086882,16.4984016,2471.2,-43.612783,7.09193244,6.69999852,691,..,..
2006,Tajikistan,TJK,..,33.8310946,18839,..,..,90.8236768,..,54.96811,74.10551,44.32153,5.26579023,35.1937721,2686.5,-38.896229,10.0108652,7.00000321,691,..,..
2007,Tajikistan,TJK,..,33.7882252,17295,..,..,90.8617144,..,54.39926,72.82555,44.28909,5.33009431,16.1966086,3267.8,-32.934498,13.1491247,7.80000012,691,..,..
2008,Tajikistan,TJK,..,33.7739354,15951,..,..,90.9020151,..,53.70628,71.47215,44.09063,5.29436982,11.0338866,3041.06,-34.121469,20.4705219,7.89999827,691,..,..
2009,Tajikistan,TJK,..,34.0054301,..,..,..,90.9447871,..,53.1287,70.02004,44.04816,5.36867677,12.1272824,2405.15,-34.793986,6.44823481,3.90000115,691,5.37808587,..
2010,Tajikistan,TJK,..,33.978994,..,..,..,90.990265,..,52.3393,69.10353,43.10178,5.33652472,9.59278351,2446.9,-32.032653,6.44531441,6.49999909,691,..,..
2011,Tajikistan,TJK,..,33.9582738,..,..,..,91.0387139,..,51.63253,68.21201,42.26318,5.3100886,6.55571852,2564.2,-29.454599,12.431549,7.4000006,691,..,..
2012,Tajikistan,TJK,..,33.9311232,..,..,..,91.0904348,..,50.62821,67.23365,41.00124,5.27722206,9.15923369,3015.2,-29.091136,5.83116601,7.49999946,691,..,..
2013,Tajikistan,TJK,..,34.156902,..,..,..,91.1457707,..,49.34044,66.1535,39.33836,5.49728494,12.4917208,3195.1,..,5.00964645,7.39999975,691,..,..
2014,Tajikistan,TJK,16.9776817,34.6735262,..,..,..,91.2051143,..,48.31362,65.25523,37.9668,5.76571124,21.0681955,4583.6,..,6.10442765,6.70000069,691,..,..
2015,Tajikistan,TJK,16.8669227,34.900209,..,..,..,87.9614047,..,47.32785,64.31099,36.68292,5.97161179,21.9879947,4904.8,..,5.7145595,6.01930332,691,..,..
2016,Tajikistan,TJK,11.5272593,35.1278911,..,14.7887482,3.00078336,81.0835524,..,46.18944,63.29627,35.18889,6.16759133,11.5326752,5496.7,..,6.00458082,6.9,691,..,..
2017,Tajikistan,TJK,11.4344521,35.3562937,..,13.5098291,3.2812409,64.9223836,..,45.51366,62.5145,34.67716,6.03717847,17.7215897,6757.7,..,..,7.1,691,..,0.533
2018,Tajikistan,TJK,11.4931998,35.3887168,..,16.0124317,2.4638147,75.4859832,..,44.36609,61.63867,33.45599,6.04798617,14.718823,8097.3,..,..,7.6,691,..,0.5421263
2019,Tajikistan,TJK,11.559107,35.4362706,..,16.824069,2.58342936,69.5906433,..,43.57244,60.76671,32.80384,6.08257079,91.934743,8965.7,..,..,7.4,691,..,..
2020,Tajikistan,TJK,11.5744508,35.4204193,..,19.9999148,3.24610251,74.5252525,..,43.31242,59.93799,32.87532,6.04798617,96.747117,9328.8,..,..,4.4,691,..,0.50411636
2021,Tajikistan,TJK,11.5253203,35.4276245,..,14.048884,2.71571523,..,..,42.59705,59.47787,31.90293,6.03789898,90.364821,..,..,..,9.4,..,..,..